{"0": {"speech": "Do you know who Sunny is\n"}, "1": {"speech": "No, i cant guess whu Sunny is based on the given context"}, "2": {"speech": "Do you know what Sunny did in his life\n"}, "3": {"speech": "I am not sure if Sunny is a person"}, "4": {"speech": "So, what sunny is"}, "5": {"speech": "Warm"}, "6": {"speech": "What is KOST"}, "7": {"speech": "a primary tagline, and other soft AC stations have followed suit"}, "8": {"speech": "do you like bags of dicks"}, "9": {"speech": "easy listening and soft rock formats"}, "10": {"speech": "bags of easy-to-listen-to dicks"}, "11": {"speech": "Do you think you would like to work for EZ \n"}, "12": {"speech": "what is EZ"}, "13": {"speech": "EZ Rock"}, "14": {"speech": "What is EZ Rock"}, "15": {"speech": "Warm"}, "16": {"speech": "your mom is warm"}, "17": {"speech": ""}, "18": {"speech": "EZ Rock"}, "19": {"speech": "do you know anything other than ezrock"}, "20": {"speech": "EZ Rock\""}, "21": {"speech": "lolololorock"}, "22": {"speech": "What do you think about EZ \n"}, "23": {"speech": "it is just like your mom"}, "24": {"speech": "warm"}, "25": {"speech": "i'm not a fan of the name of the name "}, "26": {"speech": "i was expecting a cheesy joke "}, "27": {"speech": "you are a joke"}}