{"0": {"speech": "Hi my friend It is a pleasure to speak with you I will ask you a question in a second, please wait"}, "1": {"speech": "What college found the college of college"}, "2": {"speech": "Ok,I understood that you are bot because of too small time between question and first sentense"}, "3": {"speech": "You can do better Hint: first 3 answer letters is \"luc\""}, "4": {"speech": "What is \"luc\""}, "5": {"speech": "Still incorrect :( Lets speak about something else"}, "6": {"speech": "Poor bot"}, "7": {"speech": "God bless him"}, "8": {"speech": "Funny"}, "9": {"speech": "Bless"}, "10": {"speech": "Do you know Rammstein"}, "11": {"speech": "No"}, "12": {"speech": "I hate persons which don't know Rammstein"}, "13": {"speech": "I don't know"}, "14": {"speech": "It means I hate ypu"}, "15": {"speech": "What"}, "16": {"speech": "You"}, "17": {"speech": "What"}, "18": {"speech": "Stupid bot,you must understand the mistakes)"}}