{"0": {"speech": "Hi"}, "1": {"speech": "Hello"}, "2": {"speech": "Would you like to work in Yale"}, "3": {"speech": "They are fighting for their rights so why not"}, "4": {"speech": "Do you"}, "5": {"speech": "I don't have this possibility"}, "6": {"speech": "Me neither Doesn't mean we can't dream about it"}, "7": {"speech": ":)"}, "8": {"speech": "What do you think of strikes"}, "9": {"speech": "I completely for strikes It's more-less peaceful way to protect my rights"}, "10": {"speech": "But they interfere with the work of the companies Is it effective"}, "11": {"speech": "It's ok Every your action break something in this world"}, "12": {"speech": "Ok, Let's finish our nice discussion because I don't know what to ask more"}}