{"0": {"speech": " That's not what I'm saying I was just saying that nothing in that scenario would have happened is wrong"}, "1": {"speech": "Ok Let's skip your meaningless utterance Do you think it's about the USA"}, "2": {"speech": " It's pretty funny that you think that Israel is actually a very good commentator"}, "3": {"speech": "Do you understand who is the Speaker"}, "4": {"speech": " That is the point of my comment"}, "5": {"speech": "And what it your point again"}, "6": {"speech": " I don't understand what you're saying, but I really don't care about the statement"}, "7": {"speech": "ok Do you think you are a bot"}, "8": {"speech": " I don't see anything wrong with it"}, "9": {"speech": "Wrong with what"}}