{"0": {"speech": "Hi"}, "1": {"speech": "hi "}, "2": {"speech": "That's not an easy question"}, "3": {"speech": "i don 't know what you 're talking about"}, "4": {"speech": "About the topic of course"}, "5": {"speech": "what "}, "6": {"speech": "Well,  Okey,  immunology is an important study,  although it may cause it's one problems in future"}, "7": {"speech": "diseases"}, "8": {"speech": "Not only"}, "9": {"speech": "what "}, "10": {"speech": "You should teach your bot scanning more than one message"}, "11": {"speech": "i"}, "12": {"speech": "What)"}}