{"0": {"speech": " Thanks for the clarification"}, "1": {"speech": "Not very interesting"}, "2": {"speech": " There are no such things as terrorists"}, "3": {"speech": "Why there should be"}, "4": {"speech": " Because there is no consequence of it being the problem What is the point of using the word \"conspiracy\" to make you think it is"}, "5": {"speech": "And here it is"}, "6": {"speech": " Yes"}, "7": {"speech": "I can't see"}, "8": {"speech": " I think you missed the point of this thread"}, "9": {"speech": "May be you are right But I suppose that terrorism is a very small part of Muslim culture"}, "10": {"speech": " I agree I don't even think it's relevant to the thread that this thread has ever happened to"}, "11": {"speech": "Why you decided to discuss terrorists You could have emphasized on something else"}, "12": {"speech": " That's not what I said, but that doesn't make it true"}, "13": {"speech": "And what you said"}}