{"0": {"speech": "Hi Hope this chat will go well Wait a second for my factoid question"}, "1": {"speech": "When did renaissance polyphony become popular"}, "2": {"speech": "You just told me that"}, "3": {"speech": "You can do better Hint: first 3 answer letters is \"the\""}, "4": {"speech": "I do not want to take a test"}, "5": {"speech": "Still incorrect :( Lets speak about something else"}, "6": {"speech": "Yes"}, "7": {"speech": "No"}, "8": {"speech": "What are you"}, "9": {"speech": "What"}, "10": {"speech": "Tell me something"}}