{"0": {"speech": " Oh, I was talking about the fact that it wasn't there when you said that at the time"}, "1": {"speech": "Hi"}, "2": {"speech": " What does that have to do with America"}, "3": {"speech": "i don't know"}, "4": {"speech": " No it isn't That's not how it works"}, "5": {"speech": "So, what is the document in canada which was harmonized wit hthe US version "}, "6": {"speech": " It wasn't an engineer"}, "7": {"speech": "What was used for testing passanger elevators"}, "8": {"speech": " I don't think so There is nothing that can be done about that"}, "9": {"speech": "what's your name"}, "10": {"speech": " That they're meant to be from China They're not in the middle east"}, "11": {"speech": "Are you bot or human"}}