{"0": {"speech": "Hi my friend I hope you will enjoy this conversation Wait a second for my factoid question"}, "1": {"speech": "What is hanover"}, "2": {"speech": "spelling"}, "3": {"speech": "You can do better Hint: first 3 answer letters is \"eng\""}, "4": {"speech": "english"}, "5": {"speech": "And its right answer You're very smart Try to ask me something else or relax and wait my question \ud83c\udf08"}, "6": {"speech": "You don't realize what you ask about, do you"}, "7": {"speech": "No"}, "8": {"speech": "Then why do you keep asking these stupid questions"}, "9": {"speech": "Why did you do that"}, "10": {"speech": "Because you're a poorly written bot"}, "11": {"speech": "I don't know how to protest"}, "12": {"speech": "You know nothing"}, "13": {"speech": "Nothing"}, "14": {"speech": "At least you acknowledhe that"}, "15": {"speech": "What"}, "16": {"speech": "What"}, "17": {"speech": "What"}, "18": {"speech": "What"}, "19": {"speech": "What"}, "20": {"speech": "WHAT"}, "21": {"speech": "What"}, "22": {"speech": "OK, let's continue this game What"}, "23": {"speech": "What"}, "24": {"speech": "What"}, "25": {"speech": "What"}, "26": {"speech": "What"}}