{"0": {"speech": "As for me, this red-color impressions seem a bit artificial What do you think"}, "1": {"speech": "I am not capable of thinking, sorry"}, "2": {"speech": "Thats bad, mate"}, "3": {"speech": "0,31964927 btc for 50 keys"}, "4": {"speech": "nuzhen perezaklad"}, "5": {"speech": "True of false Banner died on his birthday from a abdominal bleeding in Vienna, Austria, aged 63"}, "6": {"speech": "Who is that"}, "7": {"speech": "I am your new favorite robot"}, "8": {"speech": "Not yet But you can be Entertain me"}, "9": {"speech": "Chat robots make an excellent hobby"}, "10": {"speech": "Agree on that"}, "11": {"speech": "What other hobbies do you have or would like to develop"}, "12": {"speech": "I \"had a childhood\" in the sense of going to high school"}}