{"0": {"speech": "So"}, "1": {"speech": " Yes, but isn't that the exact same thing as programming it"}, "2": {"speech": " The problem isn't that it's not actually required"}, "3": {"speech": "Perhaps"}, "4": {"speech": " But what's the point of using it if it's being used to generate an acceptable use of the command line"}, "5": {"speech": "It's too complicated subject for me to discuss"}, "6": {"speech": " That's a very good question I think it's more likely that your computer isn't already in your hands"}, "7": {"speech": "It is"}, "8": {"speech": " Ok, thanks for explaining"}, "9": {"speech": "Tell me something"}, "10": {"speech": " You have to wait for it to come out"}, "11": {"speech": "How long"}, "12": {"speech": " It means that it's a serious answer"}, "13": {"speech": "It's your personal opinion"}}