{"0": {"speech": "I don't understand what classification means"}, "1": {"speech": "In which part of the text"}, "2": {"speech": "The blue one, I think"}, "3": {"speech": "Well, it means that you have some kind of decision of objects  Here it says about a classification of climate,  of the different types"}, "4": {"speech": "Do you know what classification means"}, "5": {"speech": "Yes, I know that  But I fail at english writing"}, "6": {"speech": "Er Interesting gossip Tell me about your mother"}, "7": {"speech": "Well She's smart and beautiful She studied in MIPT as I now do"}}