{"0": {"speech": "Hi"}, "1": {"speech": "hi "}, "2": {"speech": "nice to meet you"}, "3": {"speech": "good to see you"}, "4": {"speech": "shall we start to discuss about the passage"}, "5": {"speech": "no , no , no , no , no , no , no , no , no "}, "6": {"speech": "what is the main topic about the passage"}, "7": {"speech": "most is not in the range of wavelengths at which the eye is most sensitive"}, "8": {"speech": "what is the upper limit for incandescent lamp luminous efficacy "}, "9": {"speech": "52 lumens per watt"}, "10": {"speech": "okay do you like me"}}