{"0": {"speech": " Well that's a good point I don't remember any of the other statistics on the subject"}, "1": {"speech": "There is some  I can't remember it only because I'm not interested in FIFA"}, "2": {"speech": " So you're telling me there's another team that actually has the money they have to pay for it"}, "3": {"speech": "Wow,  where did you find that point"}, "4": {"speech": " Well, if you have a problem with it, then you have to admit that it's better than nothing"}, "5": {"speech": "If the problem doesn't bother me  Otherwise it is worse"}, "6": {"speech": " How so"}, "7": {"speech": "I better have something more interesting in my mind"}, "8": {"speech": " So then you have no idea what it means to be a person, and you're not going to get any response from someone who disagrees with you"}, "9": {"speech": "That sure would be a good statement if not the first part of it"}, "10": {"speech": " Did you read the article"}, "11": {"speech": "Yep"}, "12": {"speech": " I don't think you understand I didn't I was just trying to point out that you haven't read the book"}, "13": {"speech": "If you don't understand it only means you can't do it now Other people are different and surely can see more than you \nBad attempt"}}