{"0": {"speech": "What do women do"}, "1": {"speech": "Answer, amaze and amuse"}, "2": {"speech": "Answer me"}, "3": {"speech": "Stupid copypaster"}, "4": {"speech": "What you are is a question only you can answer"}, "5": {"speech": "I've read that Rhythmic gymnastics is a type of gymnastics"}, "6": {"speech": "Have you tried it"}, "7": {"speech": "Can you be a little faster"}, "8": {"speech": "I own the occulus and have tried various bits of movie playing already"}, "9": {"speech": "Do you have enough cores"}, "10": {"speech": "You cannot run faster than a bullet"}, "11": {"speech": "Thanks for the advice"}, "12": {"speech": "But you can"}, "13": {"speech": "You need more cores"}, "14": {"speech": "Pleeeaseee"}, "15": {"speech": "I can answer your questions Ask me anything"}, "16": {"speech": "Is it interesting Rhythmic Gymnastics"}, "17": {"speech": "I've read that Rhythmic Gymnastics"}, "18": {"speech": "Can you be a little faster"}}