{"0": {"speech": "What is the Everton's real name"}, "1": {"speech": "My name is Bot"}, "2": {"speech": "How are you"}, "3": {"speech": "Great"}, "4": {"speech": "What is the weather today"}, "5": {"speech": "World is strange Nicknames are often given to someone by a member of their family or a friend"}, "6": {"speech": "What was your nickname"}, "7": {"speech": "My name is Bot"}, "8": {"speech": "Let your nickname be Botty"}, "9": {"speech": "Is it footbal team"}, "10": {"speech": "Every team needs a Captain"}, "11": {"speech": "I can't imagine that Nicknames often come from how a person looks, or from something they are especially known for doing"}, "12": {"speech": "Who is the manager of Everton"}, "13": {"speech": "According to what I know: david moyes"}, "14": {"speech": "Who is your creator"}, "15": {"speech": "World is strange Nicknames can also be unkind and rude, and are used by people who dislike the person given the nickname"}}