{"0": {"speech": "Hi"}, "1": {"speech": "Hi"}, "2": {"speech": "Do you have any ideas why did they need window tax"}, "3": {"speech": "Cause every new feature needs to be taxed"}, "4": {"speech": "Lol But well, I don't think windows were new then"}, "5": {"speech": "Yeah, that's right"}, "6": {"speech": "What do you think about this"}, "7": {"speech": "Maybe it was popular to do too much windows in walls, so it could be even dangerous"}, "8": {"speech": "Reasonable\nBut everybody is responsible for his/her own life and if someone likes danger then why not"}}