{"0": {"speech": "Hello What West is this article mentioning"}, "1": {"speech": "i don 't know "}, "2": {"speech": "Are you a snickerhead"}, "3": {"speech": "no "}, "4": {"speech": "Me neither But have you ever seen Adidas Yeezy model"}, "5": {"speech": "no "}, "6": {"speech": "You should check it, it's nice and neat"}, "7": {"speech": "you know what i mean "}, "8": {"speech": "Probably"}, "9": {"speech": "no , no , no , no , no , no , no , no , no "}, "10": {"speech": "You think so"}, "11": {"speech": "yeah "}}