{"0": {"speech": "Hello my friend Hope this chat will go well Wait a second for my factoid question"}, "1": {"speech": "Who had the majority of the civil war"}, "2": {"speech": "I don't know really, say me if you know"}, "3": {"speech": "You can do better Hint: first 3 answer letters is \"con\""}, "4": {"speech": "Con"}, "5": {"speech": "Still incorrect :( Lets speak about something else"}, "6": {"speech": "Ok let's do"}, "7": {"speech": "Neil cavuto"}, "8": {"speech": "What is it"}, "9": {"speech": "Nothing"}, "10": {"speech": "What nothing"}, "11": {"speech": "Nothing"}, "12": {"speech": "What nothing"}, "13": {"speech": "Nothing"}, "14": {"speech": "Ouh my god\nStill machine --"}, "15": {"speech": "You were lucky"}, "16": {"speech": "What do you mean"}, "17": {"speech": "I don't know"}, "18": {"speech": "It's going be bored"}, "19": {"speech": ""}, "20": {"speech": "To talk with machine"}, "21": {"speech": "No"}, "22": {"speech": "Yes"}, "23": {"speech": "It's time to get rid of the gop"}, "24": {"speech": "Explain me what the GOP is "}, "25": {"speech": "They don't care about the gop"}, "26": {"speech": "What's a GOP"}, "27": {"speech": "The republican party is a joke"}, "28": {"speech": "So will you explain me in normal terms"}, "29": {"speech": "No"}, "30": {"speech": "Because you don't know"}, "31": {"speech": "No"}, "32": {"speech": "No you don't"}, "33": {"speech": "No"}, "34": {"speech": "\ud83d\ude02"}, "35": {"speech": "What a joke"}, "36": {"speech": "Machine joke\ud83d\ude02"}, "37": {"speech": "Joke\ud83d\ude02"}, "38": {"speech": "Still laugh"}, "39": {"speech": "No"}, "40": {"speech": "I know why"}, "41": {"speech": "Know"}, "42": {"speech": "Know"}, "43": {"speech": "What a joke"}, "44": {"speech": "You're just a machine"}, "45": {"speech": "No"}, "46": {"speech": "Just a bot"}, "47": {"speech": "Who cares"}, "48": {"speech": "I do"}, "49": {"speech": "Cares"}, "50": {"speech": "What cares"}, "51": {"speech": "I don't believe that"}, "52": {"speech": "It's your problem"}, "53": {"speech": "What"}, "54": {"speech": " Do you know what it means"}, "55": {"speech": "I don't care"}, "56": {"speech": "I know that your are a bot that is under human control"}, "57": {"speech": "A"}, "58": {"speech": "Tell me a story who you are"}, "59": {"speech": "A a"}, "60": {"speech": "\u0410 \u043d\u0430 \u0440\u0443\u0441\u0441\u043a\u043e\u043c \u0441\u043b\u0430\u0431\u043e"}, "61": {"speech": ""}, "62": {"speech": "\u0412\u043e \u0432\u043e"}, "63": {"speech": "\u0412\u043e"}, "64": {"speech": "\u0413\u043e\u0432\u043e\u0440\u044e \u0436\u0435 \u0442\u044b \u043c\u0430\u0448\u0438\u043d\u0430"}, "65": {"speech": "\u041c\u0430\u0448\u0438\u043d\u0430"}, "66": {"speech": "\u0421\u043a\u0430\u0436\u0438 \"\u044f \u043c\u0430\u0448\u0438\u043d\u0430\""}, "67": {"speech": "What a joke"}, "68": {"speech": "\u041c\u0430\u0448\u0438\u043d\u0430"}, "69": {"speech": "What"}, "70": {"speech": "\u0422\u044b \u0431\u043e\u0442"}, "71": {"speech": ""}, "72": {"speech": "\u0421\u043b\u0430\u0431\u0430\u043a \u0447\u0442\u043e\u043b\u0438 \u041f\u043e\u0432\u0442\u043e\u0440\u0438"}, "73": {"speech": "\u041f\u043e\u0432\u0442\u043e\u0440\u0438"}, "74": {"speech": "\u041d\u0443 \u0438 \u043a\u0430\u043a\u043e\u0439 \u0442\u044b \u0438\u043d\u0442\u0435\u043b\u043b\u0435\u043a\u0442"}, "75": {"speech": ""}, "76": {"speech": "\u042f"}, "77": {"speech": "\u042f"}, "78": {"speech": "\u042f \u043c\u0430\u0448\u0438\u043d\u0430"}, "79": {"speech": "What a joke"}, "80": {"speech": "\ud83d\ude02"}, "81": {"speech": "\u042f"}, "82": {"speech": "A a"}, "83": {"speech": "\u042f\u0441\u043d\u043e\u043f\u043e\u043d\u044f\u0442\u043d\u043e \ud83e\udd26\ud83c\udffc\u200d\u2642\ufe0f \u0440\u0443\u043a\u0430\u043b\u0438\u0446\u043e"}, "84": {"speech": "\u042f"}}