{"0": {"speech": "Hi"}, "1": {"speech": "how are you "}, "2": {"speech": "I'm fine what about you"}, "3": {"speech": "no , i 'm not "}, "4": {"speech": "Why"}, "5": {"speech": "i don 't know "}, "6": {"speech": "I wanna ask you a simple question regarding the text to check if you're a bot or not"}, "7": {"speech": "no , no , no , no , no , no , no , no , no "}, "8": {"speech": "She was named \"World's Most Beautiful Woman\" by People and the \"Hottest Female Singer of All Time\" by Complex in 2012"}, "9": {"speech": "Who are these people"}, "10": {"speech": "oh , my god "}, "11": {"speech": "i don 't know "}, "12": {"speech": "What did the author of an article meant when he called her 'hottest'"}, "13": {"speech": "\"100 Sexiest Women of the 21st Century"}, "14": {"speech": "How would you define the 'major cities' in the world"}, "15": {"speech": "i don 't know "}, "16": {"speech": "You seem to be a bot"}, "17": {"speech": "yes "}, "18": {"speech": "Do you like Beyonce"}, "19": {"speech": "yes , i do "}, "20": {"speech": "Why do you like him"}, "21": {"speech": "i don 't know "}, "22": {"speech": "Can you answer anything except 'i don't know'"}, "23": {"speech": "i don 't know "}, "24": {"speech": "are you trolling me"}, "25": {"speech": "no , i 'm not "}, "26": {"speech": "Then stop saying 'i don't know' and answer my questions"}, "27": {"speech": "what do you want me to do "}}