{"0": {"speech": "Hi"}, "1": {"speech": "Any thoughts about Rugby \n"}, "2": {"speech": "I don't play or watch rugby"}, "3": {"speech": "How about you"}, "4": {"speech": "i'm a student "}, "5": {"speech": "Do you know who did Rugby \n"}, "6": {"speech": "Rugby players"}, "7": {"speech": "i think i've seen the movie "}, "8": {"speech": "About rugby What is it about"}, "9": {"speech": "Eastern Canadian entry in the Americas Rugby Championship"}, "10": {"speech": "Was it interesting Would you recommend me"}, "11": {"speech": ""}, "12": {"speech": ""}, "13": {"speech": "Okay Do you have anything left to say about the paragraph"}, "14": {"speech": "What do you think about Rugby \n"}, "15": {"speech": "You asked this"}, "16": {"speech": "i'm not "}, "17": {"speech": "I don't know much about rugby"}, "18": {"speech": "mods, please delete based on title "}}