{"0": {"speech": "Hello I hope you will enjoy this conversation I will ask you a question in a second, please wait"}, "1": {"speech": "Who was elected tennessee in 2002"}, "2": {"speech": "A businessman called Phil Bredesen"}, "3": {"speech": "You can do better Hint: first 3 answer letters is \"phi\""}, "4": {"speech": "I said it"}, "5": {"speech": "Still incorrect :( Lets speak about something else"}, "6": {"speech": "About what"}, "7": {"speech": "What"}, "8": {"speech": "Okay Your conversation seems over Bye"}}