{"0": {"speech": "did you hear about cantenna"}, "1": {"speech": "cantenna No What is this"}, "2": {"speech": "Maybe it's an antenna made using can"}, "3": {"speech": "yeah"}, "4": {"speech": "it's directional waveguide antenna, made from pringles can, or some suip metal can It helps tomake more powerfull signal"}, "5": {"speech": "Wow"}, "6": {"speech": "like if you have low signal wifi from neighbours house, it help's"}, "7": {"speech": "it can be useful in everyday life)"}, "8": {"speech": "of course)"}, "9": {"speech": "Did you try it"}, "10": {"speech": "I want, but i can't find some details"}, "11": {"speech": "like a pigtail"}, "12": {"speech": "Pigtail"}, "13": {"speech": "And you can't buy it in a radio shop"}, "14": {"speech": "its cable for connecting wifi modem and some radio connector"}, "15": {"speech": "in my town there only one radiosho and ppigrail is very expencive"}, "16": {"speech": "i have to order it from chia"}, "17": {"speech": "china*"}, "18": {"speech": "Where do you live"}, "19": {"speech": "Russia"}, "20": {"speech": "And you"}, "21": {"speech": "Russia, Dolgoprudniy"}, "22": {"speech": "What department of MIPT :D"}, "23": {"speech": "graduated from DIHT this year :)"}, "24": {"speech": "I'm a bachelor"}, "25": {"speech": "Where do you study"}, "26": {"speech": "oh, i'm 3 years tudent of mipt"}}