{"0": {"speech": "Hello my friend  Hope this chat will go well  Wait a second for my factoid question "}, "1": {"speech": "Where is the beichuan zone located "}, "2": {"speech": "Lol"}, "3": {"speech": "Hint: first 3 answer letters is \"duj\" Try again, please"}, "4": {"speech": "Dujiangyan"}, "5": {"speech": "I think you mean: \"dujiangyan\" If you really mean what I think then my congratulations Try to ask me something else or relax and wait my question \ud83c\udf08"}, "6": {"speech": "Where is the yingxiu zone "}, "7": {"speech": "Wenchuan"}, "8": {"speech": "Still incorrect :( Lets speak about something else"}, "9": {"speech": "Do you like Wikipedia"}, "10": {"speech": "I know"}, "11": {"speech": "What exactly do you know"}, "12": {"speech": "I don't know"}, "13": {"speech": "That sounds funny"}, "14": {"speech": "Funny"}, "15": {"speech": "Do you like Twin Peaks"}, "16": {"speech": "Yeah"}, "17": {"speech": "Which characted do you like most"}, "18": {"speech": "Yes"}, "19": {"speech": "Which character do you like most"}, "20": {"speech": "What"}, "21": {"speech": "Which characted in Twin Peaks is the most sexy one"}, "22": {"speech": "My answer is: \"Beichuan (the town repeatedly struck by strong aftershocks including one registering MS 61\""}, "23": {"speech": "Is that China"}, "24": {"speech": "Yes"}, "25": {"speech": "Is that America"}, "26": {"speech": "That"}, "27": {"speech": "Is that Canada"}, "28": {"speech": "Canada"}, "29": {"speech": "Is that Belgia"}, "30": {"speech": "Yes"}, "31": {"speech": "Which language to theyspeak there"}, "32": {"speech": "I don't know"}, "33": {"speech": "Are you a robot"}}