{"0": {"speech": "Hi my friend I hope you will enjoy this conversation I will ask you a question in a second, please wait"}, "1": {"speech": "Who did james die"}, "2": {"speech": "Hi Wait a minute please, I need to read it all :)"}, "3": {"speech": "You can do better Hint: first 3 answer letters is \"six\""}, "4": {"speech": "Too fast, you are bot"}, "5": {"speech": "Still incorrect :( Lets speak about something else"}, "6": {"speech": "Who is your creator"}, "7": {"speech": "Oh, my god"}, "8": {"speech": "you have a god"}, "9": {"speech": "No"}, "10": {"speech": "It's so dull We russians used to have many gods long time ago"}, "11": {"speech": "The release which"}, "12": {"speech": "Don't understand you"}, "13": {"speech": "What's wrong"}, "14": {"speech": "What did you mean in your last message"}}