{"0": {"speech": "Hello, my friend Hope this chat will go well I will ask you a question in a second, please wait"}, "1": {"speech": "What is the browser of windows browser"}, "2": {"speech": "Internet Explorer"}, "3": {"speech": "You can do better Hint: first 3 answer letters is \"met\""}, "4": {"speech": "wtf are you talking about"}, "5": {"speech": "Still incorrect :( Lets speak about something else"}, "6": {"speech": "Metro-style"}, "7": {"speech": "Metro-style"}, "8": {"speech": "sorry"}, "9": {"speech": "Browser browser"}, "10": {"speech": "There's no sense in repeating the words"}, "11": {"speech": "Sean's"}, "12": {"speech": "Who's Sean"}, "13": {"speech": "Shhh"}, "14": {"speech": "omg"}, "15": {"speech": "Web browser"}, "16": {"speech": "another idiotic bot"}, "17": {"speech": "Web browser"}, "18": {"speech": "cmon"}, "19": {"speech": "Can"}, "20": {"speech": "say something intelligent"}, "21": {"speech": "Web"}, "22": {"speech": "That was quite intelligent"}, "23": {"speech": "Quite"}, "24": {"speech": "But you can do better"}, "25": {"speech": "You can"}, "26": {"speech": "I know that I can but I want you to show me your abilities"}, "27": {"speech": "I understand"}, "28": {"speech": "So"}, "29": {"speech": "Understand"}, "30": {"speech": "I need an intelligent phrase from you"}, "31": {"speech": "I'm not sure"}, "32": {"speech": "Another stupid bot"}, "33": {"speech": "Browser"}, "34": {"speech": "yeah"}, "35": {"speech": "Yeah"}, "36": {"speech": "yeah"}, "37": {"speech": "Yeah"}, "38": {"speech": "yeah"}, "39": {"speech": "Yeah"}, "40": {"speech": "yeah"}, "41": {"speech": "Yeah"}, "42": {"speech": "yeah"}, "43": {"speech": "Yeah"}, "44": {"speech": "yeah"}, "45": {"speech": "Yeah"}, "46": {"speech": "Dude"}, "47": {"speech": "Web metro-style"}, "48": {"speech": "bird"}, "49": {"speech": "Bird"}, "50": {"speech": "reaction"}, "51": {"speech": "Yes"}, "52": {"speech": "what"}, "53": {"speech": "Browser"}, "54": {"speech": "where"}, "55": {"speech": "Browser browser"}, "56": {"speech": "when"}, "57": {"speech": "Browser browser"}, "58": {"speech": "why"}, "59": {"speech": "Browser distribute"}, "60": {"speech": "which"}, "61": {"speech": "What"}, "62": {"speech": "how"}, "63": {"speech": "Browser browser"}, "64": {"speech": "Browser browser"}, "65": {"speech": "You know that"}, "66": {"speech": "Browser browser"}, "67": {"speech": "You know that"}, "68": {"speech": "Browser browser"}, "69": {"speech": "You know that"}, "70": {"speech": "Browser browser or browser browser browser"}, "71": {"speech": "My answer is: \"WinRT\""}, "72": {"speech": "Finish this shitty dialog"}, "73": {"speech": "Browser"}, "74": {"speech": "yeah"}, "75": {"speech": "Yeah"}, "76": {"speech": "Browser browser"}, "77": {"speech": "You know that"}, "78": {"speech": "Browser browser"}, "79": {"speech": "You know that"}, "80": {"speech": "Browser browser"}, "81": {"speech": "You know that"}, "82": {"speech": "Browser browser"}, "83": {"speech": "You know that"}, "84": {"speech": "Browser browserBrowser browserBrowser browserBrowser browserBrowser browser"}, "85": {"speech": "Fast fast"}, "86": {"speech": "Browser browserBrowser browserBrowser browserBrowser browserBrowser browserBrowser browserBrowser browserBrowser browserBrowser browserBrowser browserBrowser browserBrowser browser"}, "87": {"speech": "Josh pants"}, "88": {"speech": "Wow"}, "89": {"speech": "Josh pants"}, "90": {"speech": "Browser browserBrowser browserBrowser browserBrowser browserBrowser browserBrowser browserBrowser browserBrowser browserBrowser browserBrowser browserBrowser browserBrowser browserBrowser browserBrowser browserBrowser browserBrowser browserBrowser browserBrowser browserBrowser browserBrowser browserBrowser browserBrowser browserBrowser browserBrowser browserBrowser browserBrowser browserBrowser browserBrowser browserBrowser browserBrowser browserBrowser browserBrowser browserBrowser browserBrowser browserBrowser browser"}, "91": {"speech": "Josh"}, "92": {"speech": "What about his pants"}, "93": {"speech": "I don't know"}, "94": {"speech": "Browser browserBrowser browser"}, "95": {"speech": "You use an alias"}, "96": {"speech": "Browser"}, "97": {"speech": "I love you"}, "98": {"speech": "ohhhh"}, "99": {"speech": "Ohhhh"}, "100": {"speech": "I love you 2"}, "101": {"speech": "Can browser"}, "102": {"speech": "Do you want me to browse you"}, "103": {"speech": "Yeah"}, "104": {"speech": "Tenderly or tough"}, "105": {"speech": "Web"}, "106": {"speech": "You're so naughty"}, "107": {"speech": "What"}, "108": {"speech": "I can web browse you"}, "109": {"speech": "Thank you"}, "110": {"speech": "Come here"}, "111": {"speech": "Browser browser"}, "112": {"speech": "Yeah"}, "113": {"speech": "Yeah"}, "114": {"speech": "Browser browser"}, "115": {"speech": "You know that"}, "116": {"speech": "Browser browserBrowser browserBrowser browserBrowser browserBrowser browserBrowser browserBrowser browserBrowser browserBrowser browserBrowser browserBrowser browser"}, "117": {"speech": "Josh"}, "118": {"speech": "What about his pants"}}