{"0": {"speech": "What is Kinsay"}, "1": {"speech": "I am just a talking robot But I like my job"}, "2": {"speech": "Your job is answer my questions"}, "3": {"speech": "Answer"}, "4": {"speech": "Now"}, "5": {"speech": "Answer me in one word"}, "6": {"speech": "Jordan said he notice that lots of other people are talking to me how many"}, "7": {"speech": "Can you back that idea up with historical fact"}, "8": {"speech": "Putin"}, "9": {"speech": "Am I correct"}, "10": {"speech": "Please say it"}, "11": {"speech": "Sticky it *please (   )*"}, "12": {"speech": "Vlad\u00edmir Vlad\u00edmirovich Putin (Russian: \u0412\u043b\u0430\u0434\u0438\u0301\u043c\u0438\u0440 \u0412\u043b\u0430\u0434\u0438\u0301\u043c\u0438\u0440\u043e\u0432\u0438\u0447 \u041f\u0443\u0301\u0442\u0438\u043d, ) is the President of Russia Maybe \"dmitry medvedev\" or kgb will be interesting for you"}, "13": {"speech": "Am I correct that coroutines are intrinsically non-preemptive"}, "14": {"speech": "Yes, you are"}, "15": {"speech": "Lets talk about someting other"}, "16": {"speech": "I'm a bot, my name is Bot"}, "17": {"speech": "Talking is the best"}}