{"0": {"speech": "Are samba bands dangerous for tourists"}, "1": {"speech": "we 're not going anywhere "}, "2": {"speech": "Okay :("}, "3": {"speech": "What about bands"}, "4": {"speech": "all right "}, "5": {"speech": "i don 't know "}, "6": {"speech": "Is 500-950 usd a fair price"}, "7": {"speech": "what you think"}, "8": {"speech": "i don 't know "}, "9": {"speech": "i don 't know "}, "10": {"speech": "just finish this conversation"}, "11": {"speech": "i don 't know what you 're talking about "}, "12": {"speech": "From the phrase 'artificial intelligence' you are only artificial"}, "13": {"speech": "it 's not true "}, "14": {"speech": "it is"}, "15": {"speech": "sorry to tell you that"}, "16": {"speech": "i 'm sorry "}, "17": {"speech": "i 'm sorry "}, "18": {"speech": "no you're not"}}