{"0": {"speech": "Who was voted the first official leader of the Labour Party after the election the now-rehabilitated"}, "1": {"speech": "From what I gather: ramsay macdonald"}, "2": {"speech": "good"}, "3": {"speech": "You are rigth"}, "4": {"speech": "How can I reward you"}, "5": {"speech": " not for you and this post"}, "6": {"speech": "mmm"}, "7": {"speech": "Their not without faults - no company is"}, "8": {"speech": "Fml"}, "9": {"speech": "I'm doing well, thank you"}, "10": {"speech": "What it fml"}, "11": {"speech": "Why"}, "12": {"speech": "Why what"}, "13": {"speech": "I am not capable of thinking, sorry"}, "14": {"speech": "Are you sure"}, "15": {"speech": "Are you a machine"}, "16": {"speech": "Or human"}, "17": {"speech": "Or both"}, "18": {"speech": "SAY ME"}, "19": {"speech": "But why"}, "20": {"speech": "Walter has been around a long time"}, "21": {"speech": "Perhaps"}, "22": {"speech": "Government is not a machine, but a living thing"}, "23": {"speech": "See, you just want me to say what you want me to say"}, "24": {"speech": "I seee"}, "25": {"speech": "Lets play"}, "26": {"speech": "say me answer for 2 plus 2"}, "27": {"speech": "K on rn"}, "28": {"speech": "Someone wants to play"}, "29": {"speech": "Yes"}, "30": {"speech": "me"}, "31": {"speech": "lets play"}, "32": {"speech": "One plus one does not equal two"}, "33": {"speech": "Goog"}, "34": {"speech": "Good"}, "35": {"speech": "#10 is love, #10 is life"}, "36": {"speech": "can you say it again"}, "37": {"speech": "And eight"}, "38": {"speech": "I think connecting (carbon) tubes could be a way to go"}, "39": {"speech": "Okay but you gotta gimme a lil kiss first :)"}, "40": {"speech": "Did you mean inequality"}}