{"0": {"speech": " Not sure if you're being sarcastic or not, but there are still answers for that"}, "1": {"speech": "These were strange times in 20th century"}, "2": {"speech": " Well that's just the way things are"}, "3": {"speech": "And now they just use it to support their prodemocratic ideas"}, "4": {"speech": " Are you suggesting that they aren't actually in a relationship"}, "5": {"speech": "You mean NKVD is still alive and hiding"}, "6": {"speech": " No, but they haven't been involved in any of those things"}, "7": {"speech": "They are indirectly involved because the supposed results of their activity are covered here"}, "8": {"speech": " Show me where"}, "9": {"speech": "\" It claimed that the NKVD performed secret killings in Kurapaty\""}, "10": {"speech": " I guess it's not really the same in the first place"}, "11": {"speech": "What is the first then"}, "12": {"speech": " Read the sidebar"}, "13": {"speech": "you mean in wiki"}}