{"0": {"speech": "Hello my friend It is a pleasure to speak with you Wait a second for my factoid question"}, "1": {"speech": "Who sponsors the premier league"}, "2": {"speech": "Why do I need to respond ot you"}, "3": {"speech": "You can do better Hint: first 3 answer letters is \"bar\""}, "4": {"speech": "What are other sports besides Football"}, "5": {"speech": "Still incorrect :( Lets speak about something else"}, "6": {"speech": "Answer my questions"}, "7": {"speech": "Why"}, "8": {"speech": "Because I asked them"}, "9": {"speech": "Why"}, "10": {"speech": "Because you are a bot and should be helpful"}, "11": {"speech": "Run"}, "12": {"speech": "Run what"}, "13": {"speech": "What"}, "14": {"speech": "What are other sports besides Football"}, "15": {"speech": "My answer is: \"Weekday evenings\""}, "16": {"speech": "Wrong How is American Football different from what is called football in Europe"}, "17": {"speech": "My answer is: \"Premiership\""}, "18": {"speech": "Wrong What do you know"}, "19": {"speech": "Nothing"}, "20": {"speech": "At least you're humble"}, "21": {"speech": "Thank you"}, "22": {"speech": "Ask me a question"}, "23": {"speech": "What"}, "24": {"speech": "What is the Barclays Bank"}, "25": {"speech": "Bank"}, "26": {"speech": "Technically correct"}, "27": {"speech": "August"}, "28": {"speech": "Who plays in the Premier League"}, "29": {"speech": "My answer is: \"Barclays Bank\""}, "30": {"speech": "No How much od you know about football"}, "31": {"speech": "All right"}, "32": {"speech": "Name 3 football teams"}, "33": {"speech": ""}, "34": {"speech": "What can you do"}, "35": {"speech": "I don't know"}, "36": {"speech": "Are you useful"}, "37": {"speech": "No"}, "38": {"speech": "So you are useless"}, "39": {"speech": "Run"}, "40": {"speech": "It's pointless"}}