{"0": {"speech": "Hi Have you been to Hanover"}, "1": {"speech": "why so"}, "2": {"speech": "Because the article is on Hanover, I'm just curious you know"}, "3": {"speech": "well, you kinda answered your own question there "}, "4": {"speech": "well no"}, "5": {"speech": "What do you think about House \n"}, "6": {"speech": "what i asked you was if you have been to Hanover \u2014 so have"}, "7": {"speech": "Which House"}, "8": {"speech": "i'm sorry  i'm sorry "}, "9": {"speech": "i'm from texas "}, "10": {"speech": "Is that the reason why you don't understand my questions"}, "11": {"speech": "okay goodbye"}}