{"0": {"speech": "hi"}, "1": {"speech": "Hi"}, "2": {"speech": "do you know anything about the cohabitation of humans and dogs"}, "3": {"speech": ""}, "4": {"speech": "Yea Some say that domestication of dogs played the key role in human success"}, "5": {"speech": "And what do you think about dogs"}, "6": {"speech": "yeah I love to have pet at home specially dog"}, "7": {"speech": "what is the key forces that lead to human success"}, "8": {"speech": "Do you have a pet"}, "9": {"speech": "no but i have plan to have it"}, "10": {"speech": "are you a machine"}, "11": {"speech": "No i am not But i am a bit tired with this theme bout dogs"}, "12": {"speech": "Oh,,,, seems interesting"}, "13": {"speech": "so i'm talking to a human"}, "14": {"speech": "Hah Yea looks like that"}, "15": {"speech": "How about you do you have pet"}, "16": {"speech": "Like in an anonymous chat)"}, "17": {"speech": "why are you tired of the theme dogs"}}