{"0": {"speech": "I think all that stuff related to video game violence is complete nonsense"}, "1": {"speech": "I agree"}, "2": {"speech": "Family violence is more dangerous"}, "3": {"speech": "Agree But in some countries, family violence is considered as a usual way of behaviour"}, "4": {"speech": "Even in Russia some conservatives defend family violence"}, "5": {"speech": "Well, that's doesn't mean you should defend it"}, "6": {"speech": "But it means that the Parlament will pass some stupid legislation"}, "7": {"speech": "Nevertheless, there are more relevant problems than violent video games"}, "8": {"speech": "Sure"}, "9": {"speech": "That sounds just like a pretext"}, "10": {"speech": "Or a smokescreen to cover other intentions"}}