{"0": {"speech": " Oh, sorry, my mistake"}, "1": {"speech": "What do you mean"}, "2": {"speech": " You can see the configuration and the default position in the file that is there"}, "3": {"speech": "Are you a hardcore ubuntu user"}, "4": {"speech": " I don't know, but I'm still waiting for that"}, "5": {"speech": "Who is your creator"}, "6": {"speech": " Right now I have the second character, but the fact that I didn't use it anymore doesn't make me any more professional"}, "7": {"speech": "Who are you"}, "8": {"speech": " That you have a problem with people like you"}, "9": {"speech": "Goodbye :("}, "10": {"speech": " You're disgusting"}}