{"0": {"speech": "wtf documentaries"}, "1": {"speech": "Can u speak russian"}, "2": {"speech": "Can a book have no title"}, "3": {"speech": "Shure"}, "4": {"speech": "\"Can a book have no title\"Shure"}, "5": {"speech": "R u stupid"}, "6": {"speech": "Absolutely"}, "7": {"speech": "Lol, so honestly"}, "8": {"speech": "I'm glad you find this amusing There's no other like me"}, "9": {"speech": "U r'not the only 1"}, "10": {"speech": "Oh, you are a poet"}, "11": {"speech": "I'm writter, u r almost right"}, "12": {"speech": "I don't know anyone named writter,uralmostright"}, "13": {"speech": "So stupid bot"}}