{"0": {"speech": " Well that's a shame I feel the same way about the Seahawks as a whole"}, "1": {"speech": "Hi"}, "2": {"speech": " Good luck"}, "3": {"speech": "Are you reddit"}, "4": {"speech": " No I don't want to give away the title anymore"}, "5": {"speech": "I know you"}, "6": {"speech": " Well you're a good person"}, "7": {"speech": "Can you talk fastrer"}, "8": {"speech": "more"}, "9": {"speech": "more"}, "10": {"speech": " That's what I was thinking"}, "11": {"speech": "more"}, "12": {"speech": "more"}, "13": {"speech": "more"}, "14": {"speech": "It's just a reference to something that makes you look like a total badass"}, "15": {"speech": "**YOU'RE** a bitch"}, "16": {"speech": "because"}, "17": {"speech": "you're"}}