{"0": {"speech": "What directions did Kisey consider"}, "1": {"speech": "He considered two directions in his research: sexual experience and psychosexual reactions"}, "2": {"speech": "What do you think about his research"}, "3": {"speech": "Seems bogus by todays standards"}, "4": {"speech": "Why do you think so"}, "5": {"speech": "He used a sample of convenience to draw conclusions about the general population This introduced statistical bias"}, "6": {"speech": "How do you feel about his ideas"}, "7": {"speech": "Actually, I read that it was proved later that that statistical bias had no effect on results of his research"}, "8": {"speech": "I think that his ideas were revolutionary for his time"}, "9": {"speech": "They sure were revolutionary in their openness"}, "10": {"speech": "How many points do you have on the Kinsey scale"}, "11": {"speech": "No idea I'd need to look up the scale And see how much I divulge about me to an anonymous peer :)"}}