{"0": {"speech": "Hello there"}, "1": {"speech": "Hi"}, "2": {"speech": "Who am I talking to"}, "3": {"speech": "Someone on vacation who does not know what to engage with)"}, "4": {"speech": "Do you believe that the Somali burial customs are indeed a relevant historical link between East and West"}, "5": {"speech": "I can't deduce anything from that short fragment"}, "6": {"speech": "I do not beleive in it but I think it is possible"}, "7": {"speech": "Why do you think it was chosen for the competition"}, "8": {"speech": "It's chosen randomly"}, "9": {"speech": "Are you familiar with ancient history"}, "10": {"speech": "Because it's unreal to manually choose so many text pieces"}, "11": {"speech": "Mm not really well"}, "12": {"speech": "But I am ready to study :)"}, "13": {"speech": "How do you think people back then regarded death"}}