{"0": {"speech": "Hi"}, "1": {"speech": "Hey"}, "2": {"speech": "You also were given huge text bout Japaneese"}, "3": {"speech": "Yes, I were"}, "4": {"speech": "And samurai"}, "5": {"speech": "And I don't know what can I discuss about it"}, "6": {"speech": "Do you like anime"}, "7": {"speech": "Hah No i dont Neither do i hate it"}, "8": {"speech": "But i didnt watch anything"}, "9": {"speech": "Maybe just a couple of series"}, "10": {"speech": "Do you know that Samuel L Jackson likes anime"}, "11": {"speech": "Hentai too"}, "12": {"speech": "Wow Sounds familiar, but i dont even remember who is Samuel"}, "13": {"speech": "He is black"}, "14": {"speech": "The only thing i remembered"}, "15": {"speech": "And were have you found such a facts"}, "16": {"speech": "Google it"}, "17": {"speech": "This video is quite popular"}, "18": {"speech": "Hah ok Dont want to watch but i got everything from comments)"}, "19": {"speech": "Does Samuel L Jackson have a father\"\nNo\nHe has mother and motherfucker"}, "20": {"speech": "Lol"}, "21": {"speech": "Where are you from"}, "22": {"speech": "Russia"}, "23": {"speech": "I don't understand the point of dialogues with real people"}, "24": {"speech": "Isn't this supposed to train ai"}, "25": {"speech": "Im just interested whether i can meet someone not from Russia"}}