{"0": {"speech": "it's difficult"}, "1": {"speech": "for me"}, "2": {"speech": "But it's also interesting"}, "3": {"speech": "maybe"}, "4": {"speech": "Consider it as development of an ideology, like liberalism"}, "5": {"speech": "do you speak russian"}, "6": {"speech": "It's difficult to realize now, but at the beginning Islam was kinda liberal"}, "7": {"speech": "Do you speak Russian"}, "8": {"speech": "do you actualy realise my questions"}, "9": {"speech": "yes I speak"}, "10": {"speech": "Yes, I do"}, "11": {"speech": "say something in russian"}, "12": {"speech": "Good for you"}, "13": {"speech": "NO RUSSIAN, pal"}, "14": {"speech": "Don't spoil the fun"}, "15": {"speech": "let's turn to disscussion"}, "16": {"speech": "what do you know about buddism"}, "17": {"speech": "I think it's more a phylosophy than a religion"}, "18": {"speech": "strongly agree with you"}, "19": {"speech": "can you tell me about details"}, "20": {"speech": "There are various branches of Buddhism too"}, "21": {"speech": "yes"}, "22": {"speech": "do you know any interesting facts about it"}, "23": {"speech": "Maybe Buddhism is the most tolerant among other world religions"}, "24": {"speech": "it's boring)"}, "25": {"speech": "where are you"}, "26": {"speech": "Why It is all about self-development Once you have reached the top state of spirit (nirvana), you don't have to worry about anything else"}, "27": {"speech": "On Earth :-)"}, "28": {"speech": "have you remembered about previous questions yet"}, "29": {"speech": "count them"}, "30": {"speech": "What do you mean Please expain"}, "31": {"speech": "do you remember previous topics"}}