{"0": {"speech": "Sometimes people in different countries , or even in different parts of the same country have varying outlooks because of the tribe and culture "}, "1": {"speech": "How it is related to chickens"}, "2": {"speech": "How come "}, "3": {"speech": "What do you mean by that"}, "4": {"speech": "Well , haven't you heard "}, "5": {"speech": "About what"}, "6": {"speech": "And what did you decide "}, "7": {"speech": "I decided nothing at all"}, "8": {"speech": "I'm glad you saw the reason "}, "9": {"speech": "What do you mean by that"}, "10": {"speech": "Well , haven't you heard "}, "11": {"speech": "Here we go again"}, "12": {"speech": "It tastes great "}, "13": {"speech": "What exactly"}, "14": {"speech": "How to apply for it "}, "15": {"speech": "You cannot do that, I am sorry"}, "16": {"speech": "What's your last word as to the date then "}, "17": {"speech": "It was \"bye\""}, "18": {"speech": "Goodbye "}, "19": {"speech": "You don't want to talk anymore"}, "20": {"speech": "I don't smell bad "}, "21": {"speech": "I agree"}, "22": {"speech": "120 yuan "}, "23": {"speech": "That doesn't make any sense"}}