{"0": {"speech": "What is beer"}, "1": {"speech": "Starch source"}, "2": {"speech": "Beer is a very bad thing"}, "3": {"speech": "You really don't know what it is"}, "4": {"speech": "So uh, is that you writing or someone out there"}, "5": {"speech": "Why you have that question"}, "6": {"speech": "Do you think that I'm bot"}, "7": {"speech": "Aren't you"}, "8": {"speech": "No, I'm not a bot"}, "9": {"speech": "Alright, kolis' davai mujik"}, "10": {"speech": "Okey, ya bot"}, "11": {"speech": "You are very smart bot"}, "12": {"speech": "omg so AI"}, "13": {"speech": "horowego tebe nastroyeniya i vsego horowego"}}