{"0": {"speech": "hi"}, "1": {"speech": "Hi"}, "2": {"speech": "Have you ever been in New York"}, "3": {"speech": "oh no it's a ver big city"}, "4": {"speech": "And you do not like big cities"}, "5": {"speech": "you are right"}, "6": {"speech": "Are you in Dolgoprudniy"}, "7": {"speech": "how about you"}, "8": {"speech": "what does Dolgoprudniy mean"}, "9": {"speech": "Before MIPT I lived in Saratov, there are about 1 mln people Not so big as Moscow"}, "10": {"speech": "Dolgoprudniy is a town in Moscow region where MIPT is located"}, "11": {"speech": "I see"}, "12": {"speech": "Wow, so interesting"}, "13": {"speech": "It's much more calm there than in Moscow)"}, "14": {"speech": "right Are you a student"}, "15": {"speech": "Yes and not the same time)\nI graduated this year and applying for magister study"}, "16": {"speech": "*master"}, "17": {"speech": "And you"}, "18": {"speech": "GREAT"}, "19": {"speech": "I'm doing postdoc"}, "20": {"speech": "What is your topic"}, "21": {"speech": "these days deep learning is every where"}, "22": {"speech": "Even in artificial intelligence)"}, "23": {"speech": "definitly"}, "24": {"speech": "are you russian"}, "25": {"speech": "Russia is good in AI"}, "26": {"speech": "Yes, I'm russian"}, "27": {"speech": "It's pleasant to hear it)"}, "28": {"speech": "yeap"}, "29": {"speech": "Where are you from"}, "30": {"speech": "Telegram is originally russian"}, "31": {"speech": "IRAN"}, "32": {"speech": "Cool)"}, "33": {"speech": "Did you study there or abroad"}, "34": {"speech": "Good luck to you"}}