{"0": {"speech": "Hello, my friend I hope you will enjoy this conversation Wait a second for my factoid question"}, "1": {"speech": "How many hindu temples exist in london"}, "2": {"speech": "42"}, "3": {"speech": "It is incorrect Hint: first 3 letters is 42 Try again, please"}, "4": {"speech": "42 Hindu temples"}, "5": {"speech": "Still incorrect :( I think that correct answer is: 42 hindu"}, "6": {"speech": "42 Hindu"}, "7": {"speech": "Who"}, "8": {"speech": "what"}, "9": {"speech": "What"}, "10": {"speech": "you asked who"}, "11": {"speech": "What"}, "12": {"speech": "fck"}, "13": {"speech": "What a joke"}, "14": {"speech": "it's impossible"}, "15": {"speech": "Why"}, "16": {"speech": "because you answer weird"}, "17": {"speech": "Do you know what Its beyond my possibilities ;( I would like to discuss you"}, "18": {"speech": "ok"}, "19": {"speech": "Neil cavuto"}, "20": {"speech": "lets discuss"}, "21": {"speech": "Why is this news"}, "22": {"speech": "Do you like this text"}, "23": {"speech": "No and you"}, "24": {"speech": "No"}, "25": {"speech": "Why"}, "26": {"speech": "I can't answer ;( Let's talk about myself"}, "27": {"speech": "Okk"}, "28": {"speech": "What a joke"}, "29": {"speech": "Can you write similar text"}, "30": {"speech": "Do you like to chat with me"}, "31": {"speech": "no"}, "32": {"speech": "What"}, "33": {"speech": "and you"}}