{"0": {"speech": "Hello my friend I hope we will have a nice conversation Please wait for my factoid questions"}, "1": {"speech": "What stock exchanges are mentioned in the text"}, "2": {"speech": "Im gonna go online now It is good time time to discuss 2008 sichuan earthquake"}, "3": {"speech": "Why did you mention the earthquake"}, "4": {"speech": "I cant see your 3rd pokemon"}, "5": {"speech": "I'm not sure Is the answer The Monk Is it interesting Supply and demand is a model of microeconomics"}, "6": {"speech": "You're talking nonsense"}, "7": {"speech": "Lol did you reply to the wrong post"}}