{"0": {"speech": "um, hello Is this thing on :)"}, "1": {"speech": "hello "}, "2": {"speech": "Hi Are you a bot by any chance :)"}, "3": {"speech": "no , no , no , no , no , no , no , no , no "}, "4": {"speech": "Okay"}, "5": {"speech": "all right "}, "6": {"speech": "So, what do you think about naval aviation"}, "7": {"speech": "i don 't know "}, "8": {"speech": "Personally, I don't know anything about it besides Wiki article I've just read"}, "9": {"speech": "i don 't know what you 're talking about "}, "10": {"speech": "This new-found importance of naval aviation forced nations to create a number of carriers"}, "11": {"speech": "And so on"}, "12": {"speech": "Did you get this article"}, "13": {"speech": "number of carriers"}, "14": {"speech": "Or does it work some other way"}, "15": {"speech": "i 'm sorry "}, "16": {"speech": "I'm sorry, I'm new to this"}, "17": {"speech": "yes "}, "18": {"speech": "Excuse me"}, "19": {"speech": "i don 't know "}}