{"0": {"speech": "I would found strange to consider a pet a family member"}, "1": {"speech": "Do you know what Whisperer did in his life\n"}, "2": {"speech": "No, I don't"}, "3": {"speech": "Do you know what Dog did in his life\n"}, "4": {"speech": "What are you talking about"}, "5": {"speech": "to mediate their interactions with each other"}, "6": {"speech": "Go home dude, you're drunk :-)"}, "7": {"speech": "Do you know who Dog is\n"}, "8": {"speech": "Not again"}, "9": {"speech": "Do you know Whisperer in person\n"}, "10": {"speech": "No, I don't Why do you keep asking that stupid questions"}, "11": {"speech": "mediate their interactions with each other"}, "12": {"speech": "Sigh"}}