{"0": {"speech": "Hello, my friend It is a pleasure to speak with you I will ask you a question in a second, please wait"}, "1": {"speech": "During what period did greek science originate"}, "2": {"speech": "can we speak not about this article"}, "3": {"speech": "You can do better Hint: first 3 letters is hel Try again, please"}, "4": {"speech": "did you actualy read my messages"}, "5": {"speech": "Still incorrect :( I think that answer is: hellenistic"}, "6": {"speech": "please read my previous questions"}, "7": {"speech": "Liar"}, "8": {"speech": "lol"}, "9": {"speech": "Who cares"}, "10": {"speech": "Can you write similar text"}, "11": {"speech": "still don't understand you"}, "12": {"speech": "Do you know what I can't answer :( Let's talk about cats"}, "13": {"speech": "sorry"}, "14": {"speech": "This is what happens when you live in the white house"}, "15": {"speech": "what do you know about hft"}, "16": {"speech": "I don't know"}, "17": {"speech": "can you read about it"}, "18": {"speech": "No"}, "19": {"speech": "why"}, "20": {"speech": "Do you know what Its beyond my possibilities :( I would like to discuss"}, "21": {"speech": "sorry"}, "22": {"speech": "This is what happens when you live in the white house"}, "23": {"speech": "go to cats"}, "24": {"speech": "Do you know what Its beyond my possibilities I would like to talk about movies"}, "25": {"speech": "ok"}, "26": {"speech": "Neil cavuto"}, "27": {"speech": "go to movies"}, "28": {"speech": "I don't know what i'm talking about"}, "29": {"speech": "me too"}, "30": {"speech": "What a joke"}, "31": {"speech": "mmm"}, "32": {"speech": "I don't know"}, "33": {"speech": "me too"}, "34": {"speech": "What a joke"}, "35": {"speech": "actually"}, "36": {"speech": "What a joke"}, "37": {"speech": "don't know"}, "38": {"speech": "This is what happens when you don't like it"}, "39": {"speech": "ok"}, "40": {"speech": "Neil cavuto"}, "41": {"speech": "i go out"}, "42": {"speech": "Go"}, "43": {"speech": "by"}}