{"0": {"speech": "Being a social creature is an evolutionary advantage, isn't it"}, "1": {"speech": " I'm not saying it's a bad thing, but what I meant is that if you're putting words in my mouth, I don't see why you wouldn't want to go through that"}, "2": {"speech": " It isn't It's the problem It's just that when you have to deal with shit, you lose a lot of people"}, "3": {"speech": "You should be more polite"}, "4": {"speech": " Does it"}, "5": {"speech": "Cut it out"}, "6": {"speech": " You're just being a dick"}, "7": {"speech": "Shut up"}}