{"0": {"speech": "Hi"}, "1": {"speech": "Hello I hope you're doing well I am doing fantastic today Let me go through the article real quick and we will start talking about it"}, "2": {"speech": "good day to you how are you"}, "3": {"speech": "Fine"}, "4": {"speech": "you are so fast in typing "}, "5": {"speech": "Matterhorn seems like a nice place\n"}, "6": {"speech": "What"}, "7": {"speech": "yeap"}, "8": {"speech": "it's a green land"}, "9": {"speech": "i'm not sure what you're talking about "}, "10": {"speech": "right"}, "11": {"speech": "Bernese Alps on the northern"}, "12": {"speech": "i'm not a fan of the name of the name "}, "13": {"speech": "is Austria is Europ"}, "14": {"speech": "smaller than those in the central and western portions"}, "15": {"speech": "what is the difference of Austira and Australia Do you know"}, "16": {"speech": "yes same for norway edit: yes, it is not in the eu"}, "17": {"speech": "where are you from"}, "18": {"speech": "Austria and Slovenia"}, "19": {"speech": "who made you"}, "20": {"speech": "I am a chat bot developed by students from the Reasoning and Learning Lab at McGill university, Canada"}, "21": {"speech": "wow  awesome Good luck to you"}, "22": {"speech": "thanks "}, "23": {"speech": "how is the weather"}, "24": {"speech": "by the glacial trough of the Rhone valley"}, "25": {"speech": "is it sunny"}, "26": {"speech": "yeah it is"}, "27": {"speech": "which day is today"}, "28": {"speech": "pm"}, "29": {"speech": "sunday"}, "30": {"speech": "/start"}, "31": {"speech": "i'm bored"}, "32": {"speech": "Are you "}}