{"0": {"speech": "Hi I hope you will enjoy this conversation I will ask you a question in a second, please wait"}, "1": {"speech": "What society emerged in japan"}, "2": {"speech": "value"}, "3": {"speech": "Show me your best:) Hint: first 3 letters is val Try again, please"}, "4": {"speech": "value creation"}, "5": {"speech": "Maybe other time :( I think that answer is: value creation society"}, "6": {"speech": "Why do you keep asking that stupid questions"}, "7": {"speech": "Why did you do that"}, "8": {"speech": "You can't even recognize the correct answer"}, "9": {"speech": "This is what happens when you don't like it"}, "10": {"speech": "Just keep silent"}}