{"0": {"speech": " That seems a bit exaggerated"}, "1": {"speech": "Why"}, "2": {"speech": " Because we are all on the same page"}, "3": {"speech": "Explain, please"}, "4": {"speech": " You have a point"}, "5": {"speech": "No, i don't"}, "6": {"speech": "Not at all I'm saying the opposite is true"}, "7": {"speech": "How are you doing"}, "8": {"speech": " What are you talking about"}, "9": {"speech": "About your"}, "10": {"speech": " It's a shame that you're stupid"}, "11": {"speech": "You are very rude"}, "12": {"speech": " No, you're just trolling"}, "13": {"speech": "Okey"}, "14": {"speech": " That's not what I'm saying"}, "15": {"speech": "What do you want from me"}, "16": {"speech": " Whatever you want to say"}, "17": {"speech": "Do you like play on something"}, "18": {"speech": " That's not true at all"}, "19": {"speech": "But what do you like"}, "20": {"speech": " I'm just trying to point out my opinion"}, "21": {"speech": "And what is it"}, "22": {"speech": " Everyone is a fan of basic human groups"}, "23": {"speech": "And what Say more"}, "24": {"speech": " Some people just like to point out the fact that there are so many different words that don't make sense"}, "25": {"speech": "Yea, there are a lot people who do like this"}, "26": {"speech": " That's the thing, it's that there's nothing wrong with that"}, "27": {"speech": "Are you a bot"}, "28": {"speech": " I don't think you understand what I'm saying"}, "29": {"speech": "Yes, it is"}, "30": {"speech": " You don't understand the entire point of this post"}, "31": {"speech": "But you can explain it to me"}, "32": {"speech": " I don't agree with it, I just don't agree with it"}, "33": {"speech": "You a bad bot Very bad Goodbye"}, "34": {"speech": " It's not a big deal to me"}, "35": {"speech": "Why"}}