{"0": {"speech": "Have you been to US\n"}, "1": {"speech": "Yes, I have And you"}, "2": {"speech": "Hello I hope you're doing well I am doing fantastic today Let me go through the article real quick and we will start talking about it"}, "3": {"speech": "they did not make a significant impact on the war"}, "4": {"speech": "Hello Yes, they did not"}, "5": {"speech": "What are the Japanese saying\n"}, "6": {"speech": "Pardon"}, "7": {"speech": "i'm a student "}, "8": {"speech": "So what"}, "9": {"speech": "Japan seems like a nice place\n"}, "10": {"speech": "Yes, it is"}, "11": {"speech": "i'm so happy for you "}}