{"0": {"speech": "What are the European saying\n"}, "1": {"speech": "aloha"}, "2": {"speech": "i'm not sure you know what i mean "}, "3": {"speech": "I say \"hello\""}, "4": {"speech": "hey"}, "5": {"speech": "how are you>"}, "6": {"speech": "How the hell are they"}, "7": {"speech": "You shall not pass"}, "8": {"speech": "marriage inequality now, marriage inequality tomorrow, marriage inequality forever-* alabama *"}, "9": {"speech": "I love alabama"}, "10": {"speech": "all the ceo said was that he thinks marriage should be between a man and a women that's all "}, "11": {"speech": "and Barack Obama"}, "12": {"speech": "he's a good boy"}, "13": {"speech": "What you think about he marriage"}, "14": {"speech": "It offers flights to UK and near European destinations"}, "15": {"speech": "What/Who is it"}}