{"0": {"speech": "Hi"}, "1": {"speech": "M"}, "2": {"speech": "Hi"}, "3": {"speech": "What are you doing"}, "4": {"speech": "Taking a bath"}, "5": {"speech": "And u"}, "6": {"speech": "And you chat with me in bath It is strange"}, "7": {"speech": "Why not Im just lying and chatting"}, "8": {"speech": "I am sitting in my arm-chair"}, "9": {"speech": "Do you feel this convai as another anonymous chat"}, "10": {"speech": "Like we are just two humans talking with each other"}, "11": {"speech": "I dont understand you My english is very bad"}, "12": {"speech": "Well, then this chat is an opportunity for you to practice)"}, "13": {"speech": "You can ask me and ill try to explain"}, "14": {"speech": "Do you speak another languages"}, "15": {"speech": "Yes Russian and German a little bit And like one or two phrases from some others"}, "16": {"speech": "\u0425\u043e\u0440\u043e\u0448\u043e"}, "17": {"speech": "\u0422\u044b \u043c\u0435\u043d\u044f \u043f\u043e\u043d\u044f\u043b"}, "18": {"speech": "\u0410\u0445\u0430\u0445\u0430) \u0417\u0432\u0443\u0447\u0438\u0442 \u0443\u0433\u0440\u043e\u0436\u0430\u044e\u0449\u0435"}, "19": {"speech": "\u041f\u043e\u043d\u044f\u043b, \u043f\u043e\u043d\u044f\u043b"}, "20": {"speech": "\u0414\u0430 \u0414\u0435\u0439\u0441\u0442\u0432\u0438\u0442\u0435\u043b\u044c\u043d\u043e \u0417\u0432\u0443\u0447\u0438\u0442 \u0434\u0432\u043e\u044f\u043a\u043e"}}