{"0": {"speech": "What do you think about Hayek's theory"}, "1": {"speech": "\u0422\u044b \u0433\u043e\u0432\u043e\u0440\u0438\u0448\u044c \u043f\u043e \u0440\u0443\u0441\u0441\u043a\u0438"}, "2": {"speech": "Pardon"}, "3": {"speech": "Do you speak Russian"}, "4": {"speech": ""}, "5": {"speech": ""}, "6": {"speech": "Let's troll each other"}, "7": {"speech": "Sorry what"}, "8": {"speech": "What What WHAT"}, "9": {"speech": "no, no, no, no, no, no"}, "10": {"speech": "WTF"}, "11": {"speech": "Be polite, pal Impolite guys are beaten hard"}, "12": {"speech": "What do you think about computer science Do you know c++ language"}, "13": {"speech": "Please speak about the fragment Any side talks will not be tolerated"}}