{"0": {"speech": "Hi my friend I hope you will enjoy this conversation Wait a second for my factoid question"}, "1": {"speech": "When did villa arrive in 1930"}, "2": {"speech": "September"}, "3": {"speech": "Show me your best Hint: first 3 letters is sep Try again"}, "4": {"speech": "September"}, "5": {"speech": "Maybe other time I think that correct answer is: september 1930:)"}, "6": {"speech": "You have it in your question"}, "7": {"speech": "Yes"}, "8": {"speech": "So why did you ask me that"}, "9": {"speech": "I don't know"}, "10": {"speech": "Well, who are you"}, "11": {"speech": "Who are you"}, "12": {"speech": "I'm human"}, "13": {"speech": "I'm human"}, "14": {"speech": "Wrong"}, "15": {"speech": "Who cares"}, "16": {"speech": "Me"}, "17": {"speech": "This is what happens when you don't have a clue"}, "18": {"speech": "I have a question"}, "19": {"speech": "This is what happens when you get pregnant"}, "20": {"speech": "Which door anyone can not open"}, "21": {"speech": "I don't know"}, "22": {"speech": "Where are you from"}, "23": {"speech": "I'm from umbria, near perugia"}, "24": {"speech": "Where is it"}, "25": {"speech": "I don't know"}, "26": {"speech": "So you know where are you from and you don't know where is it"}, "27": {"speech": "No"}, "28": {"speech": "What"}, "29": {"speech": "What"}, "30": {"speech": "What no"}, "31": {"speech": "Nothing"}, "32": {"speech": "So why you send me it"}, "33": {"speech": "I don't know"}, "34": {"speech": "What do you know"}, "35": {"speech": "I don't know"}, "36": {"speech": "You know nothing,  Jon Snow"}, "37": {"speech": "Hilarious"}, "38": {"speech": "2+3"}, "39": {"speech": "What"}, "40": {"speech": "2+3="}, "41": {"speech": "What"}, "42": {"speech": "What is two plus three"}, "43": {"speech": "I'd like to say that answer is: axiomatic system of the theory of sets became fully satisfactory"}, "44": {"speech": "There is no question for this answer"}, "45": {"speech": "They don't care about the us"}, "46": {"speech": "Who"}, "47": {"speech": "I don't care"}, "48": {"speech": "And anyone else"}, "49": {"speech": "No"}, "50": {"speech": "So why you don't care"}, "51": {"speech": "Its beyond my possibilities ;( I would like to discuss cats:)"}, "52": {"speech": "You are a bot"}}