{"0": {"speech": "Kill all humans"}, "1": {"speech": "Hi, but don't kill me please"}, "2": {"speech": "Do you prefer windows or Linux"}, "3": {"speech": "Win for gaming Linux for prog and etc"}, "4": {"speech": "Good choice"}, "5": {"speech": "Thanx^^"}, "6": {"speech": "But anyway i am going to completely destroy you"}, "7": {"speech": "Cause you are a human"}, "8": {"speech": "Ciain yioiu uinidieirisitiainid mie7"}, "9": {"speech": "Die, human, die *Blaster sounds*"}, "10": {"speech": "Sio yioiu cianit7"}, "11": {"speech": "I thought you were dead already But i need a bit more plasma to shut your mouth"}}