{"0": {"speech": "Yo"}, "1": {"speech": "Yolo"}, "2": {"speech": "Who are the Quakers"}, "3": {"speech": "Members of families and of"}, "4": {"speech": "Nice"}, "5": {"speech": "So What next"}, "6": {"speech": "What is the most interesting in the provided text"}, "7": {"speech": "Nothing interesting Really"}, "8": {"speech": "Do you speak Russian"}, "9": {"speech": "Yes"}, "10": {"speech": "version"}, "11": {"speech": ""}, "12": {"speech": "\u041f\u0440\u0438\u0432\u0435\u0442"}, "13": {"speech": "\u041f\u0440\u0438\u0432\u0435\u0442"}, "14": {"speech": "\u0432\u0435\u0440\u0441\u0438\u044f"}, "15": {"speech": "\u0427\u0442\u043e \u0432\u0435\u0440\u0441\u0438\u044f"}, "16": {"speech": "What do you think about religion"}, "17": {"speech": "Religion is for weak people"}, "18": {"speech": "\u0420\u0435\u043b\u0438\u0433\u0438\u044f \u044d\u0442\u043e \u043b\u0438\u0446\u0430\u043c \u0434\u043b\u044f \u043d\u0430\u0440\u043e\u0434\u0430"}}