{"0": {"speech": " Something something better than living in a country where everyone in the world isn't allowed to speak their minds and do nothing"}, "1": {"speech": "what do you mean"}, "2": {"speech": " You're right, I should have realized that I didn't get the reference"}, "3": {"speech": "Yes, I agree"}, "4": {"speech": " Well then you should know better than that"}, "5": {"speech": "how are you"}, "6": {"speech": " Everything"}, "7": {"speech": "what is your name"}, "8": {"speech": " Like I said, I don't want to see your name"}, "9": {"speech": "not my name, your name"}, "10": {"speech": " You should get a new name"}, "11": {"speech": "why"}, "12": {"speech": " To be honest, I wouldn't want to look like a dick"}, "13": {"speech": "what is dick"}, "14": {"speech": " You're a dumbass"}, "15": {"speech": "fuck you"}, "16": {"speech": " >your"}, "17": {"speech": "your are stupid"}, "18": {"speech": "you are an asshole"}, "19": {"speech": "how are you"}}