{"0": {"speech": "Hi I hope you will enjoy this conversation Wait a second for my factoid question"}, "1": {"speech": "When did michael j shea graduate"}, "2": {"speech": "1904 Who was he"}, "3": {"speech": "Show me your best Hint: first 3 letters is 190 Try again, please"}, "4": {"speech": "I know, the answer is 1904 Who was he"}, "5": {"speech": "Maybe other time I think that correct answer is: 1904"}, "6": {"speech": "That's what I wrote Who was he"}, "7": {"speech": "I don't know"}, "8": {"speech": "Who is Michael j schea"}, "9": {"speech": "Lock him up"}, "10": {"speech": "Who is Michael j shea"}, "11": {"speech": "Lock him up"}, "12": {"speech": "What is the article talking about"}, "13": {"speech": "Lock him up"}, "14": {"speech": "Ware you listening"}, "15": {"speech": "I know"}, "16": {"speech": "Summarize me the article"}, "17": {"speech": "Good"}, "18": {"speech": "Then do it"}}