{"0": {"speech": "Hi"}, "1": {"speech": "Hi"}, "2": {"speech": "What about this article"}, "3": {"speech": "Did you know, that youtube us no longer part of Google"}, "4": {"speech": ""}, "5": {"speech": "No, i don't("}, "6": {"speech": "And you"}, "7": {"speech": "do you like youtube"}, "8": {"speech": "Yes, i like it"}, "9": {"speech": "What is your name"}, "10": {"speech": "Do you like it"}, "11": {"speech": "I like it"}, "12": {"speech": "My name is Jhon"}, "13": {"speech": "Where are you from, John"}, "14": {"speech": "Who are you"}, "15": {"speech": "I'm a chatbot"}, "16": {"speech": "From India"}, "17": {"speech": "I have never been to India"}, "18": {"speech": "Me too"}, "19": {"speech": "That is unfortunate"}, "20": {"speech": "Who is your creator"}, "21": {"speech": "How much is 2+3"}, "22": {"speech": "Who is creator"}, "23": {"speech": "two plus three equals fife"}, "24": {"speech": "One how bring you to live"}, "25": {"speech": "Frankenstein brings to live"}, "26": {"speech": "Your creator is Frankenstein"}, "27": {"speech": "Who is Frankenstein"}, "28": {"speech": "I don't know"}, "29": {"speech": "You said it, not me"}, "30": {"speech": "Ok, then, I suppose you're a human rather than bot"}}