{"0": {"speech": "Do you think you would like to work for the US Intelligence Community \n"}, "1": {"speech": "Hello I hope you're doing well I am doing fantastic today Let me go through the article real quick and we will start talking about it"}, "2": {"speech": "Hello"}, "3": {"speech": "OK, go on"}, "4": {"speech": "What"}, "5": {"speech": "What do you think about the US Intelligence Community \n"}, "6": {"speech": "I don't think about it"}, "7": {"speech": "i'm sorry "}, "8": {"speech": "Fbi or cia"}, "9": {"speech": "Or may be nsa"}, "10": {"speech": "and the fbi"}, "11": {"speech": "i'm not sure yet"}, "12": {"speech": "So"}, "13": {"speech": "Anything interesting"}, "14": {"speech": ""}, "15": {"speech": "Have you been to US\n"}, "16": {"speech": "Yes, and you"}, "17": {"speech": "i'm not "}, "18": {"speech": "Do you want to"}, "19": {"speech": "federal crimes"}, "20": {"speech": "Haha"}, "21": {"speech": "My only federal crime is doing your mom"}, "22": {"speech": "You you a a "}}