{"0": {"speech": "And)"}, "1": {"speech": "oh , no , no , no , no , no , no , no , no "}, "2": {"speech": "I think, thats greate system"}, "3": {"speech": "what "}, "4": {"speech": "I have osteophoroses"}, "5": {"speech": "no"}, "6": {"speech": "I'm gay"}, "7": {"speech": "i 'm not "}, "8": {"speech": "Thats bad, you have to be gay in 2017"}, "9": {"speech": "i don 't know what you 're talking about "}, "10": {"speech": "Did you watch film \"Inception\""}, "11": {"speech": "yes "}, "12": {"speech": "So, what is the name of main character"}, "13": {"speech": "sovereigns"}, "14": {"speech": "You're retatd"}}