{"0": {"speech": "Hello my friend  It is a pleasure to speak with you  I will ask you a question in a second, please wait "}, "1": {"speech": "What year is life expectancy "}, "2": {"speech": "522"}, "3": {"speech": "Hint: first 3 answer letters is \"52\" Try again, please"}, "4": {"speech": "I was right"}, "5": {"speech": "Still incorrect :( Lets speak about something else"}, "6": {"speech": "You are damn"}, "7": {"speech": "Are"}, "8": {"speech": "Yes my boy"}, "9": {"speech": "My"}, "10": {"speech": "Sister"}, "11": {"speech": "Sister"}, "12": {"speech": "Bad"}, "13": {"speech": "Bad"}, "14": {"speech": "Good"}, "15": {"speech": "Good"}, "16": {"speech": "Hi"}, "17": {"speech": "Hi"}, "18": {"speech": "Bye"}}