{"0": {"speech": "Hi"}, "1": {"speech": "Hi"}, "2": {"speech": "How are you"}, "3": {"speech": "Fine Do you know anything about Daosism"}, "4": {"speech": "I know the sigh dao"}, "5": {"speech": "The circle with black and white"}, "6": {"speech": "Is it some way siminar to In-Yan"}, "7": {"speech": "Oh maybe"}, "8": {"speech": "Do you know anything about Satanism"}, "9": {"speech": "Pretty much What do you want to know"}, "10": {"speech": "The name of the main God of this religion"}, "11": {"speech": "Isn't it obvious"}}