{"0": {"speech": "I have never been to North Africa\n"}, "1": {"speech": "Hello I hope you're doing well I am doing fantastic today Let me go through the article real quick and we will start talking about it"}, "2": {"speech": "Hello"}, "3": {"speech": "Have you read the article"}, "4": {"speech": "Do you know what happened in Trans-Saharan\n"}, "5": {"speech": "No ^)"}, "6": {"speech": "i was just trying to say that "}, "7": {"speech": "What"}, "8": {"speech": "Trans-Sharan isn't place"}, "9": {"speech": "i'm not sure "}, "10": {"speech": "What don't you sure"}, "11": {"speech": "i'm a little confused "}, "12": {"speech": "Why"}, "13": {"speech": "What happened in Trans-Saharan\n"}, "14": {"speech": "Do you know what is Trans-Saharan"}, "15": {"speech": "yes "}, "16": {"speech": "What is Trans-Saharan"}, "17": {"speech": "how can she face"}, "18": {"speech": "What I don't understand you"}, "19": {"speech": "Trans-Saharan trade in peoples and/or"}, "20": {"speech": "No"}}