{"0": {"speech": "M"}, "1": {"speech": "Hi"}, "2": {"speech": "Hi"}, "3": {"speech": "How are you"}, "4": {"speech": "Fine)"}, "5": {"speech": "What do you think bout women in military forces"}, "6": {"speech": "At least they can hit enemies with their beauty :)"}, "7": {"speech": "But there are things they really do well"}, "8": {"speech": "Ahaha If i were a girl i would have been pleased"}, "9": {"speech": "Cooking"}, "10": {"speech": "Doctors"}, "11": {"speech": "snipers)"}, "12": {"speech": "they say women have much patience"}, "13": {"speech": "Yea, heard of it"}, "14": {"speech": "But why are they so unpatient itl then"}, "15": {"speech": "they seem to be so just for us"}, "16": {"speech": "it's like quantum particles"}, "17": {"speech": "when you look at it it behaves in another way :)"}, "18": {"speech": "Hah) Maybe)"}, "19": {"speech": "I wonder if there are bots here Not just hnans trying to cosplay them"}, "20": {"speech": "Bots' answers are dull"}, "21": {"speech": "What s dull"}, "22": {"speech": "Sorry"}, "23": {"speech": "Or I am not so lucky enough to meet an interesting bot"}, "24": {"speech": "I mean their answers are not so complicated and senseful and humans'"}, "25": {"speech": "I want to try a hack: I edit a message and see if an interlocutor catches it"}, "26": {"speech": "You right But it depends on the algo i think Threr are bots that dont create message but just"}, "27": {"speech": "Choose most appropriate from archive"}, "28": {"speech": "Of real users msgs"}}