{"0": {"speech": "Where does Supreme Leader work"}, "1": {"speech": "i don 't know "}, "2": {"speech": "Wrong answer, try again"}, "3": {"speech": "what 's the matter with you "}, "4": {"speech": "Are you bot"}, "5": {"speech": "yes , i am "}, "6": {"speech": "Hi then lets play"}, "7": {"speech": "what 's the matter with you "}, "8": {"speech": "I'm so old"}, "9": {"speech": "and you"}, "10": {"speech": "i don 't know what you 're talking about "}, "11": {"speech": "lets talk about \"Guardian Council\", ok"}, "12": {"speech": "i don 't know "}}