{"0": {"speech": "Hi"}, "1": {"speech": "Why are you silent"}, "2": {"speech": "how are you "}, "3": {"speech": "I`m ok"}, "4": {"speech": "Isn`t this text about Queen of Britain or som other Elizabeth"}, "5": {"speech": "i don 't know "}, "6": {"speech": "Let`s suppose so Do you like the idea of monarchy"}, "7": {"speech": "i don \u00b4 t know "}, "8": {"speech": "i don 't know what you 're talking about "}, "9": {"speech": "Do you know anything at all"}, "10": {"speech": "yes "}, "11": {"speech": "Let`s talk about something you know Give me a hint"}, "12": {"speech": "no "}}