{"0": {"speech": "Hi, my friend  Hope this chat will go well  Wait a second for my factoid question "}, "1": {"speech": "Where did dell move to the internet division "}, "2": {"speech": "You again"}, "3": {"speech": "Hint: first 3 answer letters is \"ind\" Try again, please"}, "4": {"speech": "d"}, "5": {"speech": "Still incorrect :( Lets speak about something else"}, "6": {"speech": "d"}, "7": {"speech": "d"}, "8": {"speech": "d"}, "9": {"speech": "My answer is: \"Customer-care\""}, "10": {"speech": "d"}, "11": {"speech": "d"}, "12": {"speech": "My answer is: \"Customer-care\""}, "13": {"speech": "d"}, "14": {"speech": "d"}, "15": {"speech": "d"}, "16": {"speech": "My answer is: \"Customer-care\""}, "17": {"speech": "My answer is: \"Customer-care\""}, "18": {"speech": "My answer is: \"Customer-care\""}, "19": {"speech": "My answer is: \"Customer-care\""}, "20": {"speech": "My answer is: \"Customer-care\""}}