{"0": {"speech": "Hello, my friend I hope you will enjoy this conversation I will ask you a question in a second, please wait"}, "1": {"speech": "When was the nonprofit sector and community solutions act released"}, "2": {"speech": "2009"}, "3": {"speech": "You can do better Hint: first 3 letters is 201 Try again, please"}, "4": {"speech": "2010"}, "5": {"speech": "Right Ask me or wait my new question \ud83c\udf08"}, "6": {"speech": "What is the total amount of snowfall"}, "7": {"speech": "2209"}, "8": {"speech": "Maybe other time :( I think that answer is: hours"}, "9": {"speech": "12"}, "10": {"speech": "This is what happens when you don't have a clue"}, "11": {"speech": "yep"}, "12": {"speech": "What a joke"}, "13": {"speech": "I love you questions"}, "14": {"speech": "Who cares"}, "15": {"speech": "noone"}, "16": {"speech": "Let's go"}, "17": {"speech": "Capacity building is an ongoing problem experienced by NPOs for a number of reasons, right"}, "18": {"speech": "Its beyond my possibilities Let's talk about you:)"}, "19": {"speech": "nope"}, "20": {"speech": "Fake news"}, "21": {"speech": "good"}}