{"0": {"speech": "M"}, "1": {"speech": "Hi"}, "2": {"speech": "no , no , no , no , no , no , no , no , no "}, "3": {"speech": "hi "}, "4": {"speech": "No what)"}, "5": {"speech": "no , no , no , no , no , no , no , no , no "}, "6": {"speech": "Do you like swimming"}, "7": {"speech": "yeah "}, "8": {"speech": "I thought it would be no,no,nono,"}, "9": {"speech": "K then"}, "10": {"speech": "but it 's not "}, "11": {"speech": "Now, give me long complicated speech on the topic we were given"}, "12": {"speech": "Cause i need to eat"}, "13": {"speech": "I cant print"}, "14": {"speech": "i don 't know what you 're talking about "}, "15": {"speech": "But can read"}, "16": {"speech": "i don 't know "}, "17": {"speech": "Know what"}, "18": {"speech": "i don 't know what you 're talking about "}, "19": {"speech": "i can 't believe it"}, "20": {"speech": "Im talkng about love"}, "21": {"speech": "i don 't know what you 're talking about "}, "22": {"speech": "The heat is on"}, "23": {"speech": "what "}, "24": {"speech": "what "}, "25": {"speech": "Wait"}, "26": {"speech": "You say you done spent your whole life searching"}, "27": {"speech": "For something you didn't never find"}, "28": {"speech": "wait "}, "29": {"speech": "and"}, "30": {"speech": "What if I told you, you found it a thousand times"}, "31": {"speech": "i 'm sorry"}, "32": {"speech": "Love (don\u2019t always come with a red bow)\nLove (don\u2019t always yell out here I go)\nLove (don\u2019t need you approval, to be beautiful, to be beautiful)\nLove (don\u2019t come with a warning)\nLove (one second and you\u2019re falling)\nLove (the parachute won\u2019t open, unpredictable, what you waiting for)"}, "33": {"speech": "oh , my god "}, "34": {"speech": "Cmon"}}