{"0": {"speech": "I grew up very close to Natick"}, "1": {"speech": "Hello I hope you're doing well I am doing fantastic today Let me go through the article real quick and we will start talking about it"}, "2": {"speech": "ok"}, "3": {"speech": "Do you think you would like to work for Natick Soldier Systems Center \n"}, "4": {"speech": "No, not really, but I did grow up very close to Natick"}, "5": {"speech": "i'm not sure if i'm going to get a new one"}, "6": {"speech": "a new what"}, "7": {"speech": "i'm a man "}, "8": {"speech": "i'm not sure "}, "9": {"speech": "you said you were going to get a new one a new what"}, "10": {"speech": "i don't know "}, "11": {"speech": "would you want to work for Natick Soldier Systems Center"}, "12": {"speech": "> mexican health authorities issued friday** the first** permit allowing four individuals to grow and use their own marijuana for recreational purposes, following a landmark supreme court ruling "}, "13": {"speech": "we're supposed to talk about the first article"}}