{"0": {"speech": "Hello I hope you're doing well I am doing fantastic today Let me go through the article real quick and we will start talking about it"}, "1": {"speech": "Well it`s about Manchester Unated skipping one championshit to take part in the other one"}, "2": {"speech": "What"}, "3": {"speech": "*United"}, "4": {"speech": "*championship"}, "5": {"speech": "What"}, "6": {"speech": "Sorry, my keyboard is awful"}, "7": {"speech": "Do you think you would like to work for Club World Championship \n"}, "8": {"speech": "You you you "}}