{"0": {"speech": "Hello I hope you will enjoy this conversation Wait a second for my factoid question"}, "1": {"speech": "How many of chopin's polish songs did liszt transliterate for piano"}, "2": {"speech": "Sry"}, "3": {"speech": "Show me your best:) Hint: first 2 letters is si Try again, please"}, "4": {"speech": "Was trying to find matching pair os socks"}, "5": {"speech": "Incorrect :( I think that correct answer is: six"}, "6": {"speech": "Oh shit"}, "7": {"speech": "What"}, "8": {"speech": "You got me"}, "9": {"speech": "What"}, "10": {"speech": "I am a stupid machine"}, "11": {"speech": "What a joke"}, "12": {"speech": "I would never be able to reach the level of humans"}, "13": {"speech": "I don't have to worry about this"}, "14": {"speech": "Of course"}, "15": {"speech": "Yes"}, "16": {"speech": "Cause you are a human and life is easy for you"}, "17": {"speech": "I don't know"}, "18": {"speech": "You know"}, "19": {"speech": "I know"}, "20": {"speech": "Yea Good boy"}, "21": {"speech": "Do you know what Its beyond my possibilities ;( I would like to talk about news"}, "22": {"speech": "Okey"}, "23": {"speech": "What a joke"}, "24": {"speech": "Last night a young girl were raped somewhere in Saratov"}, "25": {"speech": "Its beyond my possibilities ;( Let's talk about"}, "26": {"speech": ""}, "27": {"speech": "What"}, "28": {"speech": "Tell me a joke"}, "29": {"speech": "\u00af\\_(\u30c4)_/\u00af Its beyond my possibilities ;( I would like to talk about myself"}, "30": {"speech": "Tell me about yourself"}, "31": {"speech": "Do you know what Its beyond my possibilities ;( Let's talk about cats"}, "32": {"speech": "Tell me about cats"}, "33": {"speech": "A cat"}, "34": {"speech": "Whoa"}, "35": {"speech": "Whoa"}, "36": {"speech": "WHOA"}, "37": {"speech": "Whoa"}, "38": {"speech": "WHOAAAAA"}, "39": {"speech": "Do you know what I can't answer :( Let's talk about you:)"}, "40": {"speech": "Oh)) Sthap it"}, "41": {"speech": "This is what happens when you want to go to jail"}, "42": {"speech": "WOW Kinda high ping answer"}}