{"0": {"speech": "I have never been to India\n"}, "1": {"speech": "Gimme, gimme, gimme just a little smile"}, "2": {"speech": "Hello I hope you're doing well I am doing fantastic today Let me go through the article real quick and we will start talking about it"}, "3": {"speech": "please "}, "4": {"speech": "That\u2019s all I ask of you"}, "5": {"speech": "i'm not"}, "6": {"speech": "Gimme, gimme, gimme just a little smile"}, "7": {"speech": "i love you"}, "8": {"speech": "We got a message for you"}, "9": {"speech": "I love you too"}, "10": {"speech": "i'm not going to sleep"}, "11": {"speech": "Because of me"}, "12": {"speech": "\" excuse me miss, we're gonna need you to leave the building because you don't meet our freedom standards  \" \" our freedom scanners have determined you're not free enough and that video recorder you have really brings down our freedom feelings  \""}, "13": {"speech": "we've also heard that you have freedom sludge in your sand, so we're gonna have to liberate your people from the queen"}}