{"0": {"speech": "Hello, my friend  I hope you will enjoy this conversation  Wait a second for my factoid question "}, "1": {"speech": "How many museums were found in egypt "}, "2": {"speech": "I don't know"}, "3": {"speech": "Hint: first 3 answer letters is \"60\" Try again, please"}, "4": {"speech": "I don't like your style"}, "5": {"speech": "Still incorrect :( Lets speak about something else"}, "6": {"speech": "Speak then"}, "7": {"speech": "Then"}, "8": {"speech": "Then"}, "9": {"speech": "Then"}, "10": {"speech": "Speak"}, "11": {"speech": "Speak"}, "12": {"speech": "Bye"}}