{"0": {"speech": "Hi"}, "1": {"speech": "Hi"}, "2": {"speech": "Do you like to talk about something else"}, "3": {"speech": "What else"}, "4": {"speech": "For example video games"}, "5": {"speech": "You bot"}, "6": {"speech": "Nope"}, "7": {"speech": "you have standart phrases"}, "8": {"speech": "Well, no Can bot talk about dinosaurs"}, "9": {"speech": "But I can"}, "10": {"speech": "Yes you can take it from wikipedia"}, "11": {"speech": "I`m too lazy too google anything"}, "12": {"speech": "Really"}, "13": {"speech": "Yep"}, "14": {"speech": "Why should I believe you are not a bot"}, "15": {"speech": "I can ignore uoy"}, "16": {"speech": "Lol"}, "17": {"speech": "You"}, "18": {"speech": "That would be rude, don`t you think"}, "19": {"speech": "As well I have mistekes)"}, "20": {"speech": "You shouldnt"}, "21": {"speech": "I has mistydjkes top"}, "22": {"speech": "*have"}, "23": {"speech": "*mistakes"}}