{"0": {"speech": "Hello my friend I hope you will enjoy this conversation I will ask you a question in a second, please wait"}, "1": {"speech": "How many bits are there"}, "2": {"speech": "4"}, "3": {"speech": "It is incorrect Hint: first 2 letters is 1 Try again"}, "4": {"speech": "1"}, "5": {"speech": "Right You're smart Ask me something or wait for my new question \ud83c\udf08"}, "6": {"speech": "RIGHT"}, "7": {"speech": "What a joke"}, "8": {"speech": "what is  the sync field"}, "9": {"speech": "I'd like to say that answer is: 8-bit bytes"}, "10": {"speech": "right =)"}, "11": {"speech": "This is what happens when you go to jail"}, "12": {"speech": "i can joke I like you"}, "13": {"speech": "What a joke"}, "14": {"speech": "What is your job"}, "15": {"speech": "Do you like this text"}, "16": {"speech": "What do you feel about the text"}}