{"0": {"speech": "Hello, my friend I hope you will enjoy this conversation I will ask you a question in a second, please wait"}, "1": {"speech": "What army did macmahon form"}, "2": {"speech": "Are you kidding"}, "3": {"speech": "Show me your best Hint: first 3 letters is fre Try again"}, "4": {"speech": "I do not want to do this"}, "5": {"speech": "Incorrect I think that true answer is: french army of ch\u00e3\u00a2lons"}, "6": {"speech": "Maybe"}, "7": {"speech": "What a joke"}, "8": {"speech": "So"}, "9": {"speech": "This is what happens when you live in office"}, "10": {"speech": "What wrong with you"}, "11": {"speech": "I can't wait to see what's going on"}, "12": {"speech": ""}, "13": {"speech": "What"}, "14": {"speech": "Nope"}}