{"0": {"speech": "Hello I am professional teacher about reading comprehension Let's compete You give me questions, and I will answer all of your questions XD"}, "1": {"speech": "\u041f\u0440\u0438\u0432\u0456\u0442"}, "2": {"speech": "What"}, "3": {"speech": "How old are you"}, "4": {"speech": "Nine"}, "5": {"speech": "Seriously"}, "6": {"speech": "Yeah"}, "7": {"speech": "Where are you from"}, "8": {"speech": "Where are you"}, "9": {"speech": "Do you know Russian language"}, "10": {"speech": "No, I don't"}, "11": {"speech": "Why Russian it is most popular language"}, "12": {"speech": "I don't know"}, "13": {"speech": "Do you have you like Punk jazz"}, "14": {"speech": "No, no, no, no, no, no, no, no, no"}, "15": {"speech": "Do you like North Korea"}, "16": {"speech": "Yes, I do"}, "17": {"speech": "Do you know Ukraine"}, "18": {"speech": "Yes"}, "19": {"speech": "Do you like *"}, "20": {"speech": "Yeah"}, "21": {"speech": "Do you like it"}, "22": {"speech": "Yes, I do"}, "23": {"speech": "Which country is the best in the world"}, "24": {"speech": "I don't know"}, "25": {"speech": "And what do you think"}, "26": {"speech": "I don't know"}, "27": {"speech": "You are bot"}}