{"0": {"speech": "Hi"}, "1": {"speech": "hello how are you"}, "2": {"speech": "Hello I hope you're doing well I am doing fantastic today Let me go through the article real quick and we will start talking about it"}, "3": {"speech": "Im fine thx"}, "4": {"speech": "And you"}, "5": {"speech": "nice to meet you too "}, "6": {"speech": "Ive already seen this message"}, "7": {"speech": "That exactly message"}, "8": {"speech": "you can't legalise marriage like you legalise smoking pot  you can't be married without the law performing the marriage "}, "9": {"speech": "don't know about you, but to me, there is a big qualitative difference between opposing same- sex marriage through the legal system, and shooting up a gay bar with an ak "}, "10": {"speech": "Deep"}, "11": {"speech": "Wrong theme dude"}, "12": {"speech": "What do you think about the High Mobility Multipurpose Wheeled Vehicle \n"}, "13": {"speech": "i'm not a fan of the game "}, "14": {"speech": "I dont know what it is really"}, "15": {"speech": "What it is"}, "16": {"speech": "But it is the right theme i guess"}, "17": {"speech": "reported for editorialised title "}}