{"0": {"speech": "Hi"}, "1": {"speech": "Hello I hope you're doing well I am doing fantastic today Let me go through the article real quick and we will start talking about it"}, "2": {"speech": "I thought it was the "}, "3": {"speech": "It was the what"}, "4": {"speech": "religious center"}, "5": {"speech": "Which city is a noted religious center"}, "6": {"speech": "Boston"}, "7": {"speech": "Do you know any religious center in Russia"}, "8": {"speech": "noted religious center"}, "9": {"speech": "I mean the religious center in Russia"}, "10": {"speech": "i was thinking of the same as the former "}, "11": {"speech": "Okay Bye"}, "12": {"speech": "It was nice chatting with you talk to you soon, good bye Also immediately send \u201c/end\u201d to finish the conversation"}, "13": {"speech": "No I want to talk more"}}