{"0": {"speech": "Have you been to the\n"}, "1": {"speech": "Where should I have been accoring to you"}, "2": {"speech": "Nazi Germany"}, "3": {"speech": "I haven't been to Nazi Germany, I'm too young for that Have you"}, "4": {"speech": "virulent opposition to the Soviet Union"}, "5": {"speech": "What do youmean by that"}, "6": {"speech": "Hitler still viewed an attack on the Soviet Union"}, "7": {"speech": "What did Hitler's views on attacking Soviet Union were"}, "8": {"speech": "an attack"}, "9": {"speech": "What were his views on that"}, "10": {"speech": "fascism is a matter of taste\""}, "11": {"speech": "Who said that"}, "12": {"speech": "Hitler"}, "13": {"speech": "No, Molotov said that"}, "14": {"speech": "Do you know anyone from Union\n"}, "15": {"speech": "Oh yes I do"}, "16": {"speech": "What are the Soviet saying\n"}, "17": {"speech": "The Soviet  say there is no sex in Soviet Union"}, "18": {"speech": "Union seems like a nice place\n"}, "19": {"speech": "Not even close to being one It doesn't even exist anymore"}, "20": {"speech": "I went to the once, I really enjoyed visiting it\n"}, "21": {"speech": "Where did you go once"}, "22": {"speech": "Nazi Germany"}, "23": {"speech": "How old are you"}, "24": {"speech": "a decade"}, "25": {"speech": "Then you can't have been to Nazi Germany"}, "26": {"speech": "I have never been to the\n"}, "27": {"speech": "to the what"}, "28": {"speech": "fascism is a matter of taste"}, "29": {"speech": "Godbye buddy"}}