{"0": {"speech": "Hello"}, "1": {"speech": "hi"}, "2": {"speech": "Hi there"}, "3": {"speech": "How are you today "}, "4": {"speech": "You have genuine empathy"}, "5": {"speech": "In what year barbary fig was planted as barbed wire defences "}, "6": {"speech": "Any idea what defences is"}, "7": {"speech": "Defence is resistance against attack; protection"}, "8": {"speech": "And resistanceagainstattack;protection is Defence"}, "9": {"speech": "Who are you "}, "10": {"speech": "Nameless"}, "11": {"speech": "Your answer is wrong "}, "12": {"speech": "What would you have said"}, "13": {"speech": "I mean you tell me wrong answer "}, "14": {"speech": "I will make a note of that"}, "15": {"speech": "Where does Mexican cactus, stapelia gigantea, golden trumpet or yellow bell comes from "}, "16": {"speech": "hi"}, "17": {"speech": "Okay bye"}}