{"0": {"speech": "I don't understand what's obsessive-compulsive"}, "1": {"speech": "Well me neither"}, "2": {"speech": "But I would like to hear that Do you know Kanye"}, "3": {"speech": "I am very logical and rational"}, "4": {"speech": "Good fot you"}, "5": {"speech": "Glad to hear it"}, "6": {"speech": "I'm so happy we are having this conversation No, tell me about him, her or it"}, "7": {"speech": "Do you like music"}, "8": {"speech": "Yes I like music , especially Opera"}, "9": {"speech": "Whis opera is your favourite one"}, "10": {"speech": "I never knew I had a Whisopera favouriteone"}, "11": {"speech": "Lol"}}