{"0": {"speech": "Hello, my friend Hope this chat will go well I will ask you a question in a second, please wait"}, "1": {"speech": "When did estonians originate"}, "2": {"speech": "in summer and spring"}, "3": {"speech": "It is incorrect Hint: first 3 letters is sum Try again, please"}, "4": {"speech": "No i made correct answer You are wrong "}, "5": {"speech": "Still incorrect I think that correct answer is: summer"}, "6": {"speech": "Okay Can I ask a question then "}, "7": {"speech": "Sure"}, "8": {"speech": "What kinds of foods comes from the garden "}, "9": {"speech": "I'd like to say that correct answer is: straight"}, "10": {"speech": "You are wrong "}, "11": {"speech": "You're wrong"}, "12": {"speech": "What are you talking about "}, "13": {"speech": "Nothing"}, "14": {"speech": "Who made you "}, "15": {"speech": "Who"}, "16": {"speech": "Are you a bot "}, "17": {"speech": "Hey, joey"}, "18": {"speech": "Okay bye"}}