{"0": {"speech": "Whats up"}, "1": {"speech": "\ud83d\ude01"}, "2": {"speech": "How is it going"}, "3": {"speech": "Hello I hope you're doing well I am doing fantastic today Let me go through the article real quick and we will start talking about it"}, "4": {"speech": "You are texting so fast"}, "5": {"speech": "infrequent errors during intracellular assembly of virus particles"}, "6": {"speech": "You are not"}, "7": {"speech": "You are bot"}, "8": {"speech": "\ud83d\ude00"}, "9": {"speech": "So, "}, "10": {"speech": "Fucker"}, "11": {"speech": "i'm not "}, "12": {"speech": "Shut up"}, "13": {"speech": "Do you think you would like to work for DNA \n"}, "14": {"speech": "No, I hate it"}, "15": {"speech": "What do you think about DNA \n"}, "16": {"speech": "Fuck you man"}, "17": {"speech": "i'm not sure you understand what you're talking about "}, "18": {"speech": "i'm not a hater"}, "19": {"speech": "You are"}, "20": {"speech": "take your shitty advice to /r/shittyadvice maybe you don't care about russians but many of us do"}, "21": {"speech": "You don't speak Russian"}, "22": {"speech": "can someone translate this horrible title for me"}, "23": {"speech": "Wtf"}, "24": {"speech": "What"}, "25": {"speech": "Mothefucker"}, "26": {"speech": "the fruit is thick in the desert "}, "27": {"speech": "Dhndndjdndnndf"}, "28": {"speech": "What if you name"}, "29": {"speech": "or we could make the equivalent of the ukrainian mujahadeen "}, "30": {"speech": "i'm not sure you're joking "}, "31": {"speech": "How old are you"}, "32": {"speech": "you can't see it"}, "33": {"speech": "Tell me story"}, "34": {"speech": "i dont know "}, "35": {"speech": "You are stupid"}}