{"0": {"speech": "Hi, my friend I hope you will enjoy this conversation I will ask you a question in a second, please wait"}, "1": {"speech": "What was the target name of the problem"}, "2": {"speech": "who chose this text))"}, "3": {"speech": "Its beyond my possibilities I would like to discuss"}, "4": {"speech": "are you a bot"}, "5": {"speech": "Hey, joey"}, "6": {"speech": "yes you are"}, "7": {"speech": "What a joke"}, "8": {"speech": "Can you write similar text"}, "9": {"speech": "no, I didn't quite undestand this text how can I write a text that I don't understand)"}}