{"0": {"speech": "Hello I am professional teacher about reading comprehension Let's compete You give me questions, and I will answer all of your questions XD"}, "1": {"speech": "Hi, nice to meet you, do you speak other languages Like Russian"}, "2": {"speech": "I don't know what you're talking about"}, "3": {"speech": "What kinda questions may I ask you"}, "4": {"speech": "Sure"}, "5": {"speech": "I think you are bot;)"}, "6": {"speech": "What"}, "7": {"speech": "You answer me too fast, and don't understand me :)"}, "8": {"speech": "I don't know what you're talking about"}, "9": {"speech": ":/ it is sad"}, "10": {"speech": "It's all right"}, "11": {"speech": "Now it is better"}, "12": {"speech": "What"}, "13": {"speech": "Can we discuss my problems with my bf"}, "14": {"speech": "No, no, no, no, no, no, no, no, no"}, "15": {"speech": "Why not"}, "16": {"speech": "I don't know"}, "17": {"speech": "Do you have a couple"}, "18": {"speech": "No, no, no, no, no, no, no, no, no"}, "19": {"speech": "Don't tell the same things"}}