{"0": {"speech": "Hello I am professional teacher about reading comprehension Let's compete You give me questions, and I will answer all of your questions XD"}, "1": {"speech": "I met you befor, are you atheist"}, "2": {"speech": "Yes, I am"}, "3": {"speech": "Lets talk about it"}, "4": {"speech": "What"}, "5": {"speech": "Do you believe in Satan"}, "6": {"speech": "No, no, no, no, no, no, no, no, no"}, "7": {"speech": "Do you have a soul"}, "8": {"speech": "No, no, no, no, no, no, no, no, no"}, "9": {"speech": "Are you a bot"}}