{"0": {"speech": "Hi"}, "1": {"speech": "hi , how 'd your off back "}, "2": {"speech": "Can I ask a question "}, "3": {"speech": "What can you do "}, "4": {"speech": "of water within"}, "5": {"speech": "Campion Steward Steward techniques techniques techniques techniques techniques techniques techniques"}, "6": {"speech": "Who made innovavite statistical analysis "}, "7": {"speech": "Rothamsted Experimental"}, "8": {"speech": "You are wrong"}, "9": {"speech": "yes "}, "10": {"speech": "Okay bye"}}