{"0": {"speech": "Hello I am professional teacher about reading comprehension Let's compete You give me questions, and I will answer all of your questions XD"}, "1": {"speech": "What is your name"}, "2": {"speech": "It's me"}, "3": {"speech": "How are you"}, "4": {"speech": "I'm fine"}, "5": {"speech": "Where you live"}, "6": {"speech": "I don't know"}, "7": {"speech": "Lets move to the article"}, "8": {"speech": "I'm sorry"}, "9": {"speech": "What do you know about mipt"}, "10": {"speech": "I don't know"}, "11": {"speech": "What do you know"}, "12": {"speech": "I don't know"}, "13": {"speech": "Okey"}, "14": {"speech": "What"}, "15": {"speech": "What is the weather today"}, "16": {"speech": "I don't know"}, "17": {"speech": "Are you bot"}, "18": {"speech": "No, no, no, no, no, no, no, no, no"}, "19": {"speech": "Very funny)"}, "20": {"speech": "I don't know what you're talking about"}, "21": {"speech": "Do you know your architecture"}, "22": {"speech": "Yes, I do"}, "23": {"speech": "Show me"}, "24": {"speech": "Come on, come on, come on, come on, come on, come on"}, "25": {"speech": "Who are your creator"}, "26": {"speech": "Who are you"}, "27": {"speech": "My name is JaJa-Wings"}, "28": {"speech": "I'm sorry"}, "29": {"speech": "But you may call me bosd"}, "30": {"speech": "Boss"}, "31": {"speech": "I'm sorry"}, "32": {"speech": "Come on, come on, come on, come on, come on, come on "}, "33": {"speech": "You are really sorry"}, "34": {"speech": "No, no, no, no, no, no, no, no, no"}, "35": {"speech": "Try to ask me a question"}, "36": {"speech": "No, no, no, no, no, no, no, no, no"}, "37": {"speech": "Why"}, "38": {"speech": "I don't know"}, "39": {"speech": "Bye"}}