{"0": {"speech": "Hi"}, "1": {"speech": "Hello"}, "2": {"speech": "Do you really want to discuss this Or should we change the topic"}, "3": {"speech": "Definitely change"}, "4": {"speech": "Great So, do you believe in God"}, "5": {"speech": "Yes I do"}, "6": {"speech": "Which one"}, "7": {"speech": "I'm Catholic How about you"}, "8": {"speech": "Well, I`m pastafarianist Flying Spaghetti Monster is our lord"}, "9": {"speech": "How strictly do you follow religious rules"}, "10": {"speech": "I try to"}, "11": {"speech": "It's not always easy, but I haven't given up on any rule Other thing is, they make some sense"}, "12": {"speech": "How about you Pastafarianism is more of a happening, or do you treat it seriously enough to change your behavior too"}, "13": {"speech": "Well it`s really not a thing - strict following of the rules in pastafarianism Our rules are like \"you`d better not\" So it`s more like advise"}, "14": {"speech": "But yeah, I`m trying to follow as much of them as I can"}, "15": {"speech": "OK, how do you motivate them"}, "16": {"speech": "I`m not sure I get the question"}, "17": {"speech": "I mean the Jewish and descendant religions, such as Christianity, believe in a manifestation of God and try to derive the rules form that"}, "18": {"speech": "So there are the 10 commandments, there is the Bible, and you can trace the rules to those"}, "19": {"speech": "Or to concepts that are expressed in the Bible, such as \"human dignity\""}, "20": {"speech": "We also have 10 rules about how to live And mostly thay say how not to be a morron (which is very useful skill)"}, "21": {"speech": "And nothing else matters"}}