{"0": {"speech": "Hi, my friend It is a pleasure to speak with you I will ask you a question in a second, please wait"}, "1": {"speech": "Who played at the warehouse programme"}, "2": {"speech": "DJ Knuckles"}, "3": {"speech": "Show me your best:) Hint: first 3 letters is dj Try again"}, "4": {"speech": "dj knuckles"}, "5": {"speech": "It is right:) You're smart Ask me something or wait for my new question \ud83c\udf08"}, "6": {"speech": "Hello"}, "7": {"speech": "Hello"}, "8": {"speech": "How are you today "}, "9": {"speech": "Fine"}, "10": {"speech": "Who made you "}, "11": {"speech": "Who"}, "12": {"speech": "I mean who created you"}, "13": {"speech": "Who"}, "14": {"speech": "Are you understand what I am saying "}, "15": {"speech": "Yes"}, "16": {"speech": "What is your job"}, "17": {"speech": "I am a graduate student "}, "18": {"speech": "I graduated"}, "19": {"speech": "According to passage, how to shorten \"As Heard At The Warehouse\""}, "20": {"speech": "I think that true answer is: ``house ''"}, "21": {"speech": "Good job "}, "22": {"speech": "In what year, did Chip E recorded \"It's House\" "}, "23": {"speech": "Are you there "}}