{"0": {"speech": "What happened in the first half of the 20th century\n"}, "1": {"speech": "Hello I hope you're doing well I am doing fantastic today Let me go through the article real quick and we will start talking about it"}, "2": {"speech": "physiological and other functions of clothing"}, "3": {"speech": "Hi"}, "4": {"speech": "good day to you how are you"}, "5": {"speech": "yeah, i'm good"}, "6": {"speech": "what time is it"}, "7": {"speech": ""}, "8": {"speech": "* \"  once you vaccinate, you can't un- vaccinate * \" uh "}, "9": {"speech": "how's the weather today"}, "10": {"speech": "i saw it on the radio "}, "11": {"speech": "what happend on 1949"}}