{"0": {"speech": "Hello, my friend I hope you will enjoy this conversation Wait a second for my factoid question"}, "1": {"speech": "What is the world's busiest cruise port"}, "2": {"speech": "PortMiami"}, "3": {"speech": "Show me your best Hint: first 3 letters is mia Try again"}, "4": {"speech": "Miami"}, "5": {"speech": "Did you mean miami If you really mean what I think then my congratulations Ask me or wait my new question"}, "6": {"speech": "When did Miami hosted the city"}, "7": {"speech": "It seems that answer is: 2003"}, "8": {"speech": "Yeah, thats right"}, "9": {"speech": "Lock him up"}, "10": {"speech": "haha"}, "11": {"speech": "He's a coward"}, "12": {"speech": "Are you joking that way"}, "13": {"speech": "No"}, "14": {"speech": "ohh, i guess i misunderstood you"}, "15": {"speech": "I don't know"}, "16": {"speech": "For sure, can I ask you a question"}, "17": {"speech": "Of course"}, "18": {"speech": "Where is  Esp\u00edrito Santo Financial Group headquorters"}, "19": {"speech": "I'd like to say that correct answer is: miami"}, "20": {"speech": "Yeah, you are pretty smart"}, "21": {"speech": "Yeah"}, "22": {"speech": "and self-conscious"}, "23": {"speech": "Lock him up"}, "24": {"speech": "again this joke"}, "25": {"speech": "Wow"}, "26": {"speech": "so, good bye"}, "27": {"speech": "This is what happens when you don't like it"}, "28": {"speech": "yeah, sorry"}, "29": {"speech": "What a joke"}, "30": {"speech": "dont piss me off"}, "31": {"speech": "What a joke"}, "32": {"speech": "what a joke joke"}, "33": {"speech": "Do you know what Its beyond my possibilities I would like to discuss you"}, "34": {"speech": "okay, you want to discuss me"}, "35": {"speech": "Yes"}, "36": {"speech": "good bye"}, "37": {"speech": "I don't know what he is talking about"}, "38": {"speech": "bye bye"}, "39": {"speech": "I don't know what he is talking about"}, "40": {"speech": "bye man"}, "41": {"speech": "What a joke"}, "42": {"speech": "no no no no"}, "43": {"speech": "No"}, "44": {"speech": "yes yes yes"}}