{"0": {"speech": "Hello"}, "1": {"speech": "Hi my friend"}, "2": {"speech": "Who are you "}, "3": {"speech": "I'm the one"}, "4": {"speech": "Can I ask you the questions "}, "5": {"speech": "yes, you can"}, "6": {"speech": "I'm waiting"}, "7": {"speech": "What is the most important textbook in mathematics "}, "8": {"speech": "Elements I guess"}, "9": {"speech": "Is it right"}, "10": {"speech": "Hey, where are you"}, "11": {"speech": "Yes I think that's the right answer"}, "12": {"speech": "I am in school"}, "13": {"speech": "Where are you "}, "14": {"speech": "I'm in university"}, "15": {"speech": "Have you ever read Elements"}, "16": {"speech": "I'm in university too"}, "17": {"speech": "And I major in Electrical Engineering "}, "18": {"speech": "I haven't read about Elements "}, "19": {"speech": "It's like the old one book"}, "20": {"speech": "Do you have any favourite book about math"}, "21": {"speech": "Yes Have you read about it "}, "22": {"speech": "I'v heard about it, but never read"}, "23": {"speech": "It's not about fundamental mathematics, but I like Machine Learning text"}, "24": {"speech": "Yeah, I see, it's really popular theme now"}, "25": {"speech": "I love chitchat with you  But I think we somehow need to talk about passage :)"}, "26": {"speech": "Here is another question"}, "27": {"speech": "Who created the first map of the world"}, "28": {"speech": "I dont know"}}