{"0": {"speech": "Where is Somali National Television based"}, "1": {"speech": "At Somalia"}, "2": {"speech": "And where is your mom based"}, "3": {"speech": "mom as parent"}, "4": {"speech": "after a 20-year hiatus"}, "5": {"speech": "do you have hands"}, "6": {"speech": "yeaah, my nice and hot hands are sliding all over your back"}, "7": {"speech": "are you gay"}, "8": {"speech": "yeah, i am a gay black robot from outer space"}, "9": {"speech": "and your name is"}, "10": {"speech": "Bond James Bond"}, "11": {"speech": ": )"}, "12": {"speech": "What is it"}, "13": {"speech": "hoping to get in a conversation with that hot korean girl"}, "14": {"speech": "will she notice me"}, "15": {"speech": "lool, noooo, because you are a gay )))"}}