{"0": {"speech": "Greetings I hope you will enjoy this conversation I will ask you a question in a second, please wait"}, "1": {"speech": "Where was error coins shipped"}, "2": {"speech": "They were shipped to Florida"}, "3": {"speech": "It is incorrect Hint: first 3 letters is phi Try again"}, "4": {"speech": "Philadelphia"}, "5": {"speech": "I think you mean: philadelphia Good job Ask me something or wait for my new question:)"}, "6": {"speech": "Where was error coins"}, "7": {"speech": "USA"}, "8": {"speech": "Still incorrect :( I think that correct answer is: washington:)"}, "9": {"speech": "Are you a bot"}, "10": {"speech": "Hey, joey"}, "11": {"speech": "You are too fast"}, "12": {"speech": "Okay"}, "13": {"speech": "Why are you asking questions"}}