{"0": {"speech": "Heuy"}, "1": {"speech": "fuck hmm "}, "2": {"speech": "what"}, "3": {"speech": "beautifully"}, "4": {"speech": "What for is new delhi renowned"}, "5": {"speech": ""}, "6": {"speech": "what are there in new delhi"}, "7": {"speech": "beautifully"}, "8": {"speech": "what is adjacent to the jangpura metro satation"}, "9": {"speech": "the"}, "10": {"speech": "who made you"}, "11": {"speech": ""}, "12": {"speech": "Have you visited in new delhi"}, "13": {"speech": "landscaped"}, "14": {"speech": "I'm so bored to talk to you"}, "15": {"speech": "me with "}, "16": {"speech": "can you describe or summarize the passage"}}