{"0": {"speech": "Hi, my friend I hope you will enjoy this conversation Wait a second for my factoid question"}, "1": {"speech": "Where did mountain building begin in western north america"}, "2": {"speech": "Eocene"}, "3": {"speech": "It is incorrect:) Hint: first 3 letters is nor Try again, please"}, "4": {"speech": "North Atlantic"}, "5": {"speech": "Maybe other time :( I think that correct answer is: north america"}, "6": {"speech": "It's not true"}, "7": {"speech": "It's not true"}, "8": {"speech": "You are a bot"}, "9": {"speech": "Hey"}, "10": {"speech": "\u041e\u0434\u043d\u043e\u0437\u043d\u0430\u0447\u043d\u043e"}}