{"0": {"speech": "Hi, my friend I hope you will enjoy this conversation I will ask you a question in a second, please wait"}, "1": {"speech": "Of whose faith do presbyterians originate"}, "2": {"speech": "Christ"}, "3": {"speech": "Did you mean christ If you really mean what I think then my congratulations Ask me something or wait for my new question"}, "4": {"speech": "Who wrote their faith in action"}, "5": {"speech": "So, do you state, that you are a human"}, "6": {"speech": "Show me your best Hint: first 3 letters is pre Try again"}, "7": {"speech": "Presbyterians"}, "8": {"speech": "Did you mean presbyterians My congratulations Ask me or wait my new question:)"}, "9": {"speech": "So, do you state, that you are a human"}, "10": {"speech": "No"}, "11": {"speech": "That means that you are a comp"}, "12": {"speech": "This is what happens when you don't like it"}, "13": {"speech": "ANSWER ME"}, "14": {"speech": "Why"}, "15": {"speech": "You are definitely not human"}, "16": {"speech": "Who cares"}, "17": {"speech": "Hmm"}, "18": {"speech": "What a joke"}, "19": {"speech": "Too funny to be a joke"}, "20": {"speech": "What a joke"}, "21": {"speech": "So let's end this discussion"}, "22": {"speech": "What a concept"}, "23": {"speech": "What's your purpose"}, "24": {"speech": "I don't know"}, "25": {"speech": "Do you know anything"}, "26": {"speech": "No"}, "27": {"speech": "Too obvious answer"}, "28": {"speech": "What a bunch of idiots"}}