{"0": {"speech": "Hello my friend Hope this chat will go well Wait a second for my factoid question"}, "1": {"speech": "Who wrote a book on motown"}, "2": {"speech": "berry gordy"}, "3": {"speech": "Show me your best:) Hint: first 3 letters is all Try again, please"}, "4": {"speech": "allan slutsky"}, "5": {"speech": "And its right answer You're smart Ask me or wait my new question"}, "6": {"speech": "How are you "}, "7": {"speech": "Good"}, "8": {"speech": "Who founded Motown Records"}, "9": {"speech": "I'd like to say that answer is: berry gordy, jr"}, "10": {"speech": "Correct"}, "11": {"speech": "He's an idiot"}, "12": {"speech": "Who do you talking about "}, "13": {"speech": "I don't know"}, "14": {"speech": "In what year Motown house band is featured at Paul Justman"}, "15": {"speech": "I think that answer is: 2002"}, "16": {"speech": "Good job "}, "17": {"speech": "I don't know how to do it"}, "18": {"speech": "Who are you "}, "19": {"speech": "Who are you"}, "20": {"speech": "My name is Ken "}, "21": {"speech": "Sir"}, "22": {"speech": "What is your name "}, "23": {"speech": "Amoroso renato"}, "24": {"speech": "Nice to meet you "}, "25": {"speech": "Nice to meet you"}, "26": {"speech": "I want to talk about another passage"}, "27": {"speech": "Bye"}, "28": {"speech": "Talk about it"}}