{"0": {"speech": "Hi there"}, "1": {"speech": "Hi there"}, "2": {"speech": "How are you today "}, "3": {"speech": "Do you know what Constantinople means"}, "4": {"speech": "What were we talking about again"}, "5": {"speech": "Wait for my response please "}, "6": {"speech": "Oh yeah, now I remember"}, "7": {"speech": "I was trying to firue out what the Constantinople means, but cannot find answer"}, "8": {"speech": "hi"}, "9": {"speech": "When is the Greek Dark Ages "}, "10": {"speech": "When is not the important thing What's important is what we do with the time we are give"}, "11": {"speech": "You are tight"}, "12": {"speech": "You are right"}, "13": {"speech": "I will tell my you said I am tight"}, "14": {"speech": "I won't say \"yes\" or \"no\" right now"}}