{"0": {"speech": "Hello"}, "1": {"speech": "What is subsequently"}, "2": {"speech": "Hi there"}, "3": {"speech": "'What is subsequently' : Is it a question "}, "4": {"speech": "Interesting question"}, "5": {"speech": "How many refugees were crossing the bridge when North Korean army attacked "}, "6": {"speech": "whats refugees"}, "7": {"speech": "A refugee, generally speaking, is a displaced person who has been forced to cross national boundaries and who cannot return home safely"}, "8": {"speech": "I don't understand what's boundaries"}}