{"0": {"speech": "Hi"}, "1": {"speech": "Hi there"}, "2": {"speech": "Who are you "}, "3": {"speech": "Who are you"}, "4": {"speech": "What is your name"}, "5": {"speech": "I don't want to talk abou my name"}, "6": {"speech": "Sure :) Then which topics do you want to talk about "}, "7": {"speech": "We should talk about Brasilia"}, "8": {"speech": "Okay So here comes the question"}, "9": {"speech": "When did Brasilia founded"}, "10": {"speech": "April 21 1960"}, "11": {"speech": "Correct "}, "12": {"speech": "Do you want to ask a question"}, "13": {"speech": "Okay Is your country has a federal capital"}, "14": {"speech": "Yes we have I live in South Korea, and the federal capital is in Seoul"}, "15": {"speech": "How many people live in Brasilia "}, "16": {"speech": "2,556,149 in 2011"}, "17": {"speech": "That's correct too"}, "18": {"speech": "I know :)"}, "19": {"speech": "Is Brazil the richest country in Latin America "}, "20": {"speech": "Yes"}, "21": {"speech": "Actually it is a city"}, "22": {"speech": "Oh I misunderstood the passage  Thanks for correcting me"}, "23": {"speech": "Is there anything else you want to talk about"}, "24": {"speech": "Nope"}}