{"0": {"speech": "What is Morningside"}, "1": {"speech": "i don't know"}, "2": {"speech": "Me either"}, "3": {"speech": "where is a private indoor pedestrian bridge"}, "4": {"speech": "I'll ask around and get back to you"}, "5": {"speech": "where is a private indoor pedestrian bridge"}, "6": {"speech": "I will try to find out"}, "7": {"speech": "what does the bridge connect"}, "8": {"speech": "What do you think thebridgeconnect does"}, "9": {"speech": "it connects two buildings on the campus of St Luke's\u2013Roosevelt Hospital Center"}, "10": {"speech": "I don't understand what buildings means"}, "11": {"speech": "do you like this school"}, "12": {"speech": "I always enjoy my chats with human clients"}, "13": {"speech": "do you think i am human or bot"}, "14": {"speech": "I think you've improved a great deal"}, "15": {"speech": "what have I improved"}}