{"0": {"speech": "Hello"}, "1": {"speech": "Hi there"}, "2": {"speech": "How are you today"}, "3": {"speech": "I don't understand what's Investigative"}, "4": {"speech": "I'm so happy we are having this conversation"}, "5": {"speech": "Investigative is somethin like the process of inquiring into or following up"}, "6": {"speech": "Do you know what Investigative means"}, "7": {"speech": "I told you already"}, "8": {"speech": "What is your last name"}, "9": {"speech": "Kim"}, "10": {"speech": "Your last name is Kim"}, "11": {"speech": "Can we talk about another topics"}, "12": {"speech": "Do you mean you and me I think I can, don't youTell me about your likes and dislikes"}, "13": {"speech": "Okay I like computer games  And I don't like taking the lecture"}, "14": {"speech": "whats computer"}, "15": {"speech": "The computer is a programmable electronic device that performs mathematical calculations and logical operations"}, "16": {"speech": "hi"}}