{"0": {"speech": "hi"}, "1": {"speech": "hi"}, "2": {"speech": "Hi there"}, "3": {"speech": "Obama"}, "4": {"speech": "Not many people express themselves that way"}, "5": {"speech": "I agree with you"}, "6": {"speech": "Alright then"}, "7": {"speech": "Trump"}, "8": {"speech": "What were we talking about again"}, "9": {"speech": "We were talking about \"Overseas Contingency Operations\""}, "10": {"speech": "hi"}, "11": {"speech": "low"}, "12": {"speech": "I can follow a lot of things, like our discussion about Trump Try being more specific"}}