{"0": {"speech": "What is NCB"}, "1": {"speech": "What is it to you"}, "2": {"speech": "I don't understand what's representatives"}, "3": {"speech": "They want us to discuss it"}, "4": {"speech": "Like who, specifically"}, "5": {"speech": "the GODs"}, "6": {"speech": "Is that a fact"}, "7": {"speech": "Right"}, "8": {"speech": "Yikes"}, "9": {"speech": "Lets discuss it"}, "10": {"speech": "Do you think that  The Supervisory Board meets God"}, "11": {"speech": "OK let's do discussit "}, "12": {"speech": "Some people think it is"}, "13": {"speech": "And what he says them"}, "14": {"speech": "SearchingSearchingPlease stand by"}, "15": {"speech": "The God says that  the representatives are together considered as one member for the purposes of the voting procedure"}}