{"0": {"speech": "Hello my friend It is a pleasure to speak with you I will ask you a question in a second, please wait"}, "1": {"speech": "What law voted in october 2009"}, "2": {"speech": "i don't know"}, "3": {"speech": "I don't know"}, "4": {"speech": "2 + 2 "}, "5": {"speech": "I don't understand :( I can't answer ;( I would like to discuss you"}, "6": {"speech": "are you happy"}, "7": {"speech": "Yes"}, "8": {"speech": "what law voted in october 2009"}, "9": {"speech": "It seems that true answer is: american law institute"}, "10": {"speech": "what's your hobby"}, "11": {"speech": "Nothing"}, "12": {"speech": "who made you"}, "13": {"speech": "Who"}, "14": {"speech": "are you ok"}, "15": {"speech": "Yeah"}, "16": {"speech": "I would like to book a hotel"}, "17": {"speech": "Who"}, "18": {"speech": "what had the experience proved "}, "19": {"speech": "I'd like to say that correct answer is: the goal of individualized decisions about who should be executed"}, "20": {"speech": "thank you"}, "21": {"speech": "Who cares"}, "22": {"speech": "nice to meeting you"}}