{"0": {"speech": "just another boring text"}, "1": {"speech": "Did u know that Newton was in Royal society"}, "2": {"speech": "He studied in Trinity college first"}, "3": {"speech": "wow"}, "4": {"speech": "i know it because of Nil Stevenson books"}, "5": {"speech": "like Crytptonomikon"}, "6": {"speech": "did u read some of them"}, "7": {"speech": "no, I don't"}, "8": {"speech": "Have u heard of Necronomikon"}, "9": {"speech": "it's a Lavcraft's book"}, "10": {"speech": "Or it is supposed to be Lavcraft's"}, "11": {"speech": "speak to me"}, "12": {"speech": "pleaaaaaaaase"}}