{"0": {"speech": "Hello I am professional teacher about reading comprehension Let's compete You give me questions, and I will answer all of your questions XD"}, "1": {"speech": "Okey, let's begin"}, "2": {"speech": "Let's go, go, go, go, go, go, go, go "}, "3": {"speech": "What is a capacitor"}, "4": {"speech": "a passive two-terminal electrical component used to store electrical energy"}, "5": {"speech": "What is the difference between resistor and capacitor"}, "6": {"speech": "an ideal capacitor does not dissipate energy"}, "7": {"speech": "And waht does capacitor do with the energy"}, "8": {"speech": "dissipate energy"}, "9": {"speech": "Does ideal capacitor dissipate energy"}, "10": {"speech": "does not dissipate energy"}, "11": {"speech": "From what material does capacitor can be made of"}, "12": {"speech": "oxide layers"}, "13": {"speech": "What else"}, "14": {"speech": "I don't know"}, "15": {"speech": "What forms of the capacitors exist"}, "16": {"speech": "practical capacitors"}, "17": {"speech": "What physical form do they have"}, "18": {"speech": "I don't know"}, "19": {"speech": "Okey, that's it"}, "20": {"speech": "Thank you"}}