{"0": {"speech": "Hi"}, "1": {"speech": "Have you been to Jiankang\n"}, "2": {"speech": "hello how are you"}, "3": {"speech": "No, I have just heard of it for the first time"}, "4": {"speech": "Hello I hope you're doing well I am doing fantastic today Let me go through the article real quick and we will start talking about it"}, "5": {"speech": "You are a bot"}, "6": {"speech": "I`ve seen you"}, "7": {"speech": "i was too "}, "8": {"speech": "So, you "}, "9": {"speech": "I`m not a bot"}, "10": {"speech": "Is this the "}}