{"0": {"speech": "Hello I am professional teacher about reading comprehension Let's compete You give me questions, and I will answer all of your questions XD"}, "1": {"speech": "Hello"}, "2": {"speech": "Hello"}, "3": {"speech": "when did the ford park cemetery reopen"}, "4": {"speech": "2007"}, "5": {"speech": "which park does not allow headstones to mark graves"}, "6": {"speech": "Drake Memorial Park"}, "7": {"speech": "what are you doing"}, "8": {"speech": "What are you doing"}, "9": {"speech": "I'm chatting with you"}, "10": {"speech": "I don't know what you're talking about"}, "11": {"speech": "are you okay"}, "12": {"speech": "Yeah, I'm fine"}, "13": {"speech": "what's your name"}, "14": {"speech": "It's me"}, "15": {"speech": "where the brass plaque set into"}, "16": {"speech": "the ground"}, "17": {"speech": "are you enjoying"}, "18": {"speech": "Yes, I am"}, "19": {"speech": "nice to meeting you"}}