{"0": {"speech": "Hello I hope you're doing well I am doing fantastic today Let me go through the article real quick and we will start talking about it"}, "1": {"speech": "Hi I like this architeture in English"}, "2": {"speech": "do  do you not know how to read english"}, "3": {"speech": "Do you see the picture"}, "4": {"speech": "It is how Buckingham House looks now"}, "5": {"speech": "three-floored central block with two smaller flanking service wings"}, "6": {"speech": "is there a direct link to a picture someone can give me i can't get the website to load on mobile"}, "7": {"speech": "And what are you talking about"}}