{"0": {"speech": "Greetings I hope you will enjoy this conversation Wait a second for my factoid question"}, "1": {"speech": "Where was augustus's lifeime powers"}, "2": {"speech": "Rome"}, "3": {"speech": "Yes"}, "4": {"speech": "Do you like to be an assessor"}, "5": {"speech": "I'd love to"}, "6": {"speech": "I don't understand :( I can't answer :( Let's talk about news"}, "7": {"speech": "Ok"}, "8": {"speech": "Neil cavuto"}, "9": {"speech": "I don't understand"}, "10": {"speech": "Neil cavuto"}, "11": {"speech": "Stupid bot"}, "12": {"speech": "Who cares"}, "13": {"speech": "Cool joke"}, "14": {"speech": "Do you know what I can't answer I would like to talk about movies"}, "15": {"speech": "Let's do this"}}