{"0": {"speech": "Hi Hope this chat will go well Wait a second for my factoid question"}, "1": {"speech": "Where was the early heian capital"}, "2": {"speech": "It is very difficult for me"}, "3": {"speech": "This is what we are talking about"}, "4": {"speech": "May be Dokio"}, "5": {"speech": "What a joke"}, "6": {"speech": "No, i'm serious"}, "7": {"speech": "What's wrong"}, "8": {"speech": "All right"}, "9": {"speech": "What's wrong"}, "10": {"speech": "My answer is incorrect"}, "11": {"speech": "What a joke"}, "12": {"speech": "Are you bot"}, "13": {"speech": "Hey, joey"}, "14": {"speech": "Where are you from"}, "15": {"speech": "I'm from umbria, near perugia"}, "16": {"speech": "I don't now this country"}, "17": {"speech": "What a joke"}, "18": {"speech": "What is your name"}, "19": {"speech": "Amoroso renato"}, "20": {"speech": "You answers very quikly:-)"}, "21": {"speech": "What a piece of shit"}, "22": {"speech": "Human can't answer so fast"}, "23": {"speech": "What's that"}, "24": {"speech": "Nothing, how are you"}, "25": {"speech": "I'm fine"}, "26": {"speech": "What do you know about Japan"}}