{"0": {"speech": "Greetings I hope you will enjoy this conversation Wait a second for my factoid question"}, "1": {"speech": "When did whitehead's gifford lectures"}, "2": {"speech": "I dont know"}, "3": {"speech": "You can do better Hint: first 3 letters is 192 Try again"}, "4": {"speech": "Maybe 1927"}, "5": {"speech": "Maybe other time :( I think that true answer is: 1927"}, "6": {"speech": "I did answered right"}, "7": {"speech": "Who cares"}, "8": {"speech": "Dont be so rude to me"}, "9": {"speech": "What a joke"}, "10": {"speech": "Fuck you"}, "11": {"speech": "Come on"}, "12": {"speech": "Bye"}, "13": {"speech": "This is what happens when you don't like it"}, "14": {"speech": "What happens"}, "15": {"speech": "What happens"}, "16": {"speech": ""}, "17": {"speech": "What"}, "18": {"speech": "Huiot"}, "19": {"speech": "What"}, "20": {"speech": "You are a bot"}, "21": {"speech": "I don't know who he is"}, "22": {"speech": "Who he"}, "23": {"speech": "Who"}, "24": {"speech": "Mike"}, "25": {"speech": "What a joke"}, "26": {"speech": "It is not a joke"}}