{"0": {"speech": "Hello  I hope you will enjoy this conversation  I will ask you a question in a second, please wait "}, "1": {"speech": "What is the largest fishery in the country "}, "2": {"speech": "Hello  I hope you will enjoy this conversation  I will ask you a question in a second, please wait "}, "3": {"speech": "Hint: first 3 answer letters is \"zho\" Try again, please"}, "4": {"speech": "Hint: first 3 answer letters is \"zho\" Try again, please"}, "5": {"speech": "Still incorrect :( Lets speak about something else"}, "6": {"speech": "What is the largest fishery in the country "}, "7": {"speech": "My answer is: \"Zhoushan fishery\""}, "8": {"speech": "Still incorrect :( Lets speak about something else"}, "9": {"speech": "I don't want to see this"}, "10": {"speech": "u want to"}, "11": {"speech": "Want"}, "12": {"speech": "Yes I want"}}