{"0": {"speech": "Hi my friend Hope this chat will go well Wait a second for my factoid question"}, "1": {"speech": "What law is there strict limits to how efficiently heat can be converted to"}, "2": {"speech": "Second law of thermodynamics"}, "3": {"speech": "It is incorrect Hint: first 3 letters is sec Try again"}, "4": {"speech": "second law of thermodynamics"}, "5": {"speech": "Maybe other time :( I think that answer is: second"}, "6": {"speech": "Second is a number of law not the law"}, "7": {"speech": "Https: //wwwyoutubecom/watch v=y05rxw9itim"}, "8": {"speech": "What do you feel about the text"}, "9": {"speech": "What text"}, "10": {"speech": "I think that correct answer is: carnot's theorem and the second law of thermodynamics"}, "11": {"speech": "Ok"}, "12": {"speech": "What a joke"}, "13": {"speech": "No fun"}, "14": {"speech": "What a joke"}, "15": {"speech": "Seriously"}, "16": {"speech": "Who cares"}, "17": {"speech": "Right, no one"}, "18": {"speech": "I'm not surprised"}, "19": {"speech": "You started this"}, "20": {"speech": "What a joke"}, "21": {"speech": "You need to read more books your vocabulary is weak"}, "22": {"speech": "What a joke"}, "23": {"speech": "Bye"}}