{"0": {"speech": "When do the Theravada school spread"}, "1": {"speech": "3rd to 3rd"}, "2": {"speech": "good boy"}, "3": {"speech": "your turn"}, "4": {"speech": "right "}, "5": {"speech": "yes"}, "6": {"speech": "no "}, "7": {"speech": "what now"}, "8": {"speech": "try it"}, "9": {"speech": "Theravada"}, "10": {"speech": "why  do you learn it "}, "11": {"speech": "what was me "}, "12": {"speech": "I cannot to be smart"}, "13": {"speech": "I'm a biological one"}, "14": {"speech": "but did expect"}}