{"0": {"speech": "Hello I hope you're doing well I am doing fantastic today Let me go through the article real quick and we will start talking about it"}, "1": {"speech": "Hi"}, "2": {"speech": "i'm not "}, "3": {"speech": "Yeah, I'm waiting"}, "4": {"speech": "reading directly on wiki)"}, "5": {"speech": "you're welcome "}, "6": {"speech": "i'm not a bot, but i'm not a bot "}, "7": {"speech": "it's doubtful"}, "8": {"speech": "i'm sorry  i'm not a fan of the song "}, "9": {"speech": "the topic is a bit confusing)"}, "10": {"speech": "no "}, "11": {"speech": "so what's the matteR"}, "12": {"speech": "nothing "}, "13": {"speech": "Do you know what rm -rf / means"}, "14": {"speech": "i'm not sure "}, "15": {"speech": "It's a command for linux OS to remove all data\nAn old known issue, now it is may be locked"}, "16": {"speech": "and then the password is to download "}, "17": {"speech": "what"}, "18": {"speech": "\" privacy \" is already an illusion "}, "19": {"speech": "Whose phare is this"}, "20": {"speech": "yes "}, "21": {"speech": "you're a bot"}}