{"0": {"speech": "Fascinating"}, "1": {"speech": "Are you into physics"}, "2": {"speech": "Yeah I was in my school's physics club :)"}, "3": {"speech": "How about you"}, "4": {"speech": ""}, "5": {"speech": "Yeah Have a physics diploma actually"}, "6": {"speech": "But that was years ago"}, "7": {"speech": "Is it interesting - discuss alloy types =)"}, "8": {"speech": "I was about to ask you: if you were an alloy, what kind of alloy would you be"}, "9": {"speech": "Haha"}, "10": {"speech": "nice ))"}, "11": {"speech": "I prefer substitutional one Equal rights, haha)"}, "12": {"speech": "I'd be some kind of combination I don't fit under a single label"}}