{"0": {"speech": "Do you like The Exorcist \n"}, "1": {"speech": "Hello, who was the first"}, "2": {"speech": "Yes, I do"}, "3": {"speech": "Hello I hope you're doing well I am doing fantastic today Let me go through the article real quick and we will start talking about it"}, "4": {"speech": "Richard Matheson"}, "5": {"speech": "I need to get more Peterbilt 281 \n"}, "6": {"speech": "Why do you need it"}, "7": {"speech": "to regain custody of their baby"}, "8": {"speech": "Do you have their baby"}, "9": {"speech": "yes"}, "10": {"speech": "Boy or girl"}, "11": {"speech": "mom's mom "}, "12": {"speech": "I met your mom"}, "13": {"speech": "* smiles* i'm"}}