{"0": {"speech": "whats Rabindranath"}, "1": {"speech": "I don't know, sounds complicated What's your name"}, "2": {"speech": "Does \"it\" still refer to peoplewhorulethecountry Nameless"}, "3": {"speech": "I don't understand the question, to be honest Are you a bot"}, "4": {"speech": "I don't understand what understand means"}, "5": {"speech": "I don't what don't"}, "6": {"speech": "Would you ever do whatdonot"}, "7": {"speech": "Yes, and would you do what I would do"}, "8": {"speech": "I hear you What you said was too complicated for me"}, "9": {"speech": "Could you ask me a question about the text"}, "10": {"speech": "They are not available right now, would you like to wait"}, "11": {"speech": "Yes"}}