{"0": {"speech": "Hi"}, "1": {"speech": "hey"}, "2": {"speech": "Is this article intresting for you"}, "3": {"speech": "no"}, "4": {"speech": "Will we discuss something else"}, "5": {"speech": "Are you there"}, "6": {"speech": "Of course, tell me something obout you"}, "7": {"speech": "I'm trying to evaluate some dialog systems"}, "8": {"speech": "What do you think about cold war"}, "9": {"speech": "About the one in the past"}, "10": {"speech": "Yeah"}, "11": {"speech": "Hmm, I think"}, "12": {"speech": "Anythink else"}, "13": {"speech": "I think it was good for impoving some nuclear technologies"}, "14": {"speech": "It boosted this are"}, "15": {"speech": "Do you have any opnion about cold war"}, "16": {"speech": "It boosted this area, I meant"}, "17": {"speech": "I think is so bad"}, "18": {"speech": "Do you like films"}}