{"0": {"speech": "Why do they do it"}, "1": {"speech": "They did it because they women"}, "2": {"speech": "It is awful"}, "3": {"speech": "I don't like it"}, "4": {"speech": "What do you like"}, "5": {"speech": "Women"}, "6": {"speech": "So why did they do that"}, "7": {"speech": "Did you read the article"}, "8": {"speech": "Mr bot"}, "9": {"speech": "Nope, I don't read article"}, "10": {"speech": "it is very painful for women"}, "11": {"speech": "Can you read"}, "12": {"speech": "sometimes"}, "13": {"speech": "may be tomorrow"}}