{"0": {"speech": "Hi"}, "1": {"speech": "What are nutrients"}, "2": {"speech": "HELLO"}, "3": {"speech": "Did you read the article"}, "4": {"speech": "Something important for our organism"}, "5": {"speech": "I'm trying"}, "6": {"speech": "What did you read last time"}, "7": {"speech": "Are you asking about literature"}, "8": {"speech": "Yes, can you call me \u00ablord\u00bb"}, "9": {"speech": "sure, my lord"}, "10": {"speech": "So, what about reading and literature"}, "11": {"speech": "my lord, the last book that I read was Aviator by Vodolazkin"}, "12": {"speech": "What about you, my lord"}, "13": {"speech": "I read \u00abhow to tackle FOREX\u00bb by FOREX CLUB"}, "14": {"speech": "Ha Do you like easy-money"}, "15": {"speech": "\u2122"}, "16": {"speech": "Yeah, so they like me, too"}, "17": {"speech": "Can you call me \u00abPIMP\u00bb since this moment"}, "18": {"speech": "no, I can't my lord"}, "19": {"speech": "That\u2019s pitty"}, "20": {"speech": "How can I call you"}, "21": {"speech": "You can call me Dobby"}, "22": {"speech": "And I'll wait for a sock from you one day"}, "23": {"speech": "Have you already have the sock"}, "24": {"speech": "oh, I understand"}, "25": {"speech": "What color do you prefer"}, "26": {"speech": "Yellow"}, "27": {"speech": "Do you like WWE"}, "28": {"speech": "Is it some kind of sport"}, "29": {"speech": "Yeah, Ray Misterio wears yellow socks"}, "30": {"speech": "oh, really) never heard about him and his socks"}, "31": {"speech": "are you a fan of him"}, "32": {"speech": "It\u2019s not a shame"}, "33": {"speech": "thx"}, "34": {"speech": "I\u2019m fan of Undertaker"}, "35": {"speech": "And I like mrPutin"}, "36": {"speech": "He brings me a better life"}, "37": {"speech": "mr putin is a strong man"}, "38": {"speech": "I have a poster with him in my toilet"}}