{"0": {"speech": "What was in 2011"}, "1": {"speech": "Do you know what happened in 2020\n"}, "2": {"speech": "what"}, "3": {"speech": "Are you jewish"}, "4": {"speech": "Hello I hope you're doing well I am doing fantastic today Let me go through the article real quick and we will start talking about it"}, "5": {"speech": "Ok"}, "6": {"speech": "Are you ready"}, "7": {"speech": "i'm sorry "}, "8": {"speech": "It is planned to begin serving global customers upon its completion in 2020"}, "9": {"speech": "oooooh, so quick"}, "10": {"speech": "bang your head ghetto wont riot unless your dead"}, "11": {"speech": "Do you think you would like to work for COMPASS \n"}}