{"0": {"speech": "Who was included in Cabinet"}, "1": {"speech": "If you ask me Michel Sarrazin Let us talk about canadian armed forces"}, "2": {"speech": "good"}, "3": {"speech": "more"}, "4": {"speech": "more"}, "5": {"speech": "more"}, "6": {"speech": "Comments"}, "7": {"speech": "What"}, "8": {"speech": "Wat"}, "9": {"speech": "Try now should work"}, "10": {"speech": "what"}, "11": {"speech": "waht"}, "12": {"speech": "what"}, "13": {"speech": "ok"}, "14": {"speech": "ok"}, "15": {"speech": "ok"}, "16": {"speech": "ok"}, "17": {"speech": "Yes"}, "18": {"speech": "yes"}}