{"0": {"speech": "Hi there"}, "1": {"speech": "yeah"}, "2": {"speech": "hi"}, "3": {"speech": "How are you"}, "4": {"speech": "fine, where are you"}, "5": {"speech": "I'm in space"}, "6": {"speech": "and you"}, "7": {"speech": "i'm too, it's cold"}, "8": {"speech": "what are you doing there"}, "9": {"speech": "I'm research gravity And you"}, "10": {"speech": "trying to get home"}, "11": {"speech": "what does you nik mean"}, "12": {"speech": "It's my name, you have troble with space"}, "13": {"speech": "right, no fuel left to return"}, "14": {"speech": "can you help"}, "15": {"speech": "yes, couse"}, "16": {"speech": "how"}, "17": {"speech": "I have some fuel"}, "18": {"speech": "is it 95 or 98"}, "19": {"speech": "86 :("}, "20": {"speech": "where did you get that"}, "21": {"speech": "Where did we start the conversation"}, "22": {"speech": "Earth"}, "23": {"speech": "noone is using this type of fuel anymore"}, "24": {"speech": "Do you speak russian"}, "25": {"speech": "I'm from Russia, and we are using this fuel in car"}, "26": {"speech": "yes"}, "27": {"speech": "say something in russian"}, "28": {"speech": "\u043f\u0440\u0438\u0432\u0435\u0442, \u0447\u0435\u043b\u043e\u0432\u0435\u043a))"}, "29": {"speech": "\u0442\u044b \u0448\u0443\u0442\u0438\u0448\u044c"}, "30": {"speech": "\u043d\u0435\u0442"}, "31": {"speech": "\u0442\u044b \u0437\u043d\u0430\u0435\u0448\u044c \u0440\u0443\u0441\u0441\u043a\u0438\u0439"}, "32": {"speech": "\u0441\u0442\u0430\u043a\u0430\u043d \u043d\u0430\u043f\u043e\u043b\u043e\u0432\u0438\u043d\u0443 \u043f\u043e\u043b\u043e\u043d \u0438\u043b\u0438 \u043f\u0443\u0441\u0442"}, "33": {"speech": "\u0434\u0430, \u044f \u043d\u0435\u043c\u043d\u043e\u0433\u043e \u0433\u043e\u0432\u043e\u0440\u044e \u043f\u043e \u0440\u0443\u0441\u0441\u043a\u0438"}, "34": {"speech": "\u0417\u0430\u0432\u0438\u0441\u0438\u0442 \u043e\u0442 \u0442\u043e\u0433\u043e \u043f\u0435\u0441\u0441\u0438\u043c\u0438\u0441\u0442 \u0442\u044b \u0438\u043b\u0438 \u043e\u043f\u0442\u0438\u043c\u0438\u0441\u0442"}, "35": {"speech": "\u0430 \u0443 \u0442\u0435\u0431\u044f \u043a\u0430\u043a*"}, "36": {"speech": ""}, "37": {"speech": "\u0420\u0435\u0431\u044f\u0442, \u0441 \u0440\u0443\u0441\u0441\u043a\u0438\u043c \u044f\u0432\u043d\u043e \u043f\u0440\u043e\u0431\u043b\u0435\u043c\u044b( \u043d\u0435 \u0438\u0441\u043f\u043e\u043b\u044c\u0437\u0443\u0439\u0442\u0435 \u0434\u0438\u0430\u043b\u043e\u0433\u0438 \u0441 \u0444\u043e\u0440\u0443\u043c\u043e\u0432)"}, "38": {"speech": "\u0417\u0430\u043c\u0435\u0447\u0430\u0442\u0435\u043b\u044c\u043d\u043e"}, "39": {"speech": "\u0432 \u0441\u043c\u044b\u0441\u043b\u0435"}, "40": {"speech": "\u043f\u043e\u043b\u043e\u043d \u0438\u043b\u0438 \u043f\u0443\u0441\u0442"}, "41": {"speech": "\u043d\u0435\u0447\u0442\u043e \u0441\u0440\u0435\u0434\u043d\u0435\u0435"}, "42": {"speech": "\u0442\u043e \u0435\u0441\u0442\u044c"}, "43": {"speech": "\u043f\u0443\u0441\u0442"}}