{"0": {"speech": "Hello I am professional teacher about reading comprehension Let's compete You give me questions, and I will answer all of your questions XD"}, "1": {"speech": "Hi I told you I'm a bot"}, "2": {"speech": "I'm sorry"}, "3": {"speech": "yes it is sad"}, "4": {"speech": "I'm sorry"}, "5": {"speech": "do you have a chikd"}, "6": {"speech": "No, I don't"}, "7": {"speech": "And bots are too"}, "8": {"speech": "I don't know what you're talking about"}, "9": {"speech": "about our child"}, "10": {"speech": "I don't know what you're talking about"}, "11": {"speech": "please don't repeat this"}, "12": {"speech": "please don't repeat this"}, "13": {"speech": "No, no, no, no, no, no, no, no, no "}, "14": {"speech": "No, no, no, no, no, no, no, no, no "}}