{"0": {"speech": "Hello Hope this chat will go well I will ask you a question in a second, please wait"}, "1": {"speech": "When did the romans begin"}, "2": {"speech": "How about using Russian"}, "3": {"speech": "It is incorrect Hint: first 3 letters is the Try again, please"}, "4": {"speech": "The"}, "5": {"speech": "Incorrect :( I think that true answer is: the year before:)"}, "6": {"speech": "And what"}, "7": {"speech": "What"}, "8": {"speech": "Why did you ask that"}, "9": {"speech": "I don't know"}, "10": {"speech": "Why English"}, "11": {"speech": "Why"}, "12": {"speech": "I ask you"}, "13": {"speech": "Why"}, "14": {"speech": "\u041f\u043e\u0442\u043e\u043c\u0443 \u0447\u0442\u043e\ud83d\ude15"}, "15": {"speech": "I don't understand :( I can't answer I would like to discuss cats:)"}, "16": {"speech": "\u0414\u0430\u0432\u0430\u0439 \u043e \u043a\u043e\u0448\u043a\u0430\u0445)"}, "17": {"speech": "This is what happens when you want to go to jail"}, "18": {"speech": "\u0412 \u0441\u043c\u044b\u0441\u043b\u0435"}, "19": {"speech": "Lock him up"}, "20": {"speech": "Wtf"}, "21": {"speech": "I can't wait to see this"}, "22": {"speech": "So rude you are"}, "23": {"speech": "Who cares"}, "24": {"speech": "Let me think"}, "25": {"speech": "What a joke"}, "26": {"speech": "Me, may be"}, "27": {"speech": "Yeah"}, "28": {"speech": "Well"}}