{"0": {"speech": "What do you think about The College Dropout \n"}, "1": {"speech": "Hello I hope you're doing well I am doing fantastic today Let me go through the article real quick and we will start talking about it"}, "2": {"speech": "I'm not intresting this"}, "3": {"speech": "Where are you"}, "4": {"speech": "Los Angeles"}, "5": {"speech": "i'm sure you'll find out if you're a woman "}, "6": {"speech": "Not yet"}, "7": {"speech": "i'm in "}, "8": {"speech": "How wheather in your home"}, "9": {"speech": "Louis Vuitton backpack filled with old disks"}, "10": {"speech": "and that"}}