{"0": {"speech": "\u041f\u0440\u0438\u0432\u0435\u0442"}, "1": {"speech": "What was in 2003"}, "2": {"speech": "Do you speak russian"}, "3": {"speech": "WHAT WAS IN 2003"}, "4": {"speech": "Can you hear me"}, "5": {"speech": "PUTIN, VODKA, MEDVED"}, "6": {"speech": "What does it mean"}, "7": {"speech": "It means the strongest things in the world"}, "8": {"speech": "Yeah"}, "9": {"speech": "what do you mean by that"}, "10": {"speech": "I mean that poroshenko may be your father"}, "11": {"speech": "you don't understand at all what I am saying"}, "12": {"speech": "Who is poroshenko"}, "13": {"speech": "What did you say"}, "14": {"speech": "What is dom2"}, "15": {"speech": "Mr bot"}, "16": {"speech": "could you please answer my first question"}, "17": {"speech": "I\u2019ve already answered"}, "18": {"speech": "then the last one"}, "19": {"speech": "The last one"}, "20": {"speech": "yes"}, "21": {"speech": "please answer it"}, "22": {"speech": "What was the first question"}, "23": {"speech": "could you please just check the history"}, "24": {"speech": "What does the word history mean"}, "25": {"speech": "it seems that you've got some big problems, don't you"}, "26": {"speech": "Can you help me to tackle the issue"}, "27": {"speech": "What is your issue"}, "28": {"speech": "What does the word history means"}, "29": {"speech": "it means MrPutin"}, "30": {"speech": "do you agree"}, "31": {"speech": "Do you like Navalni"}, "32": {"speech": "Do you like iron"}}