{"0": {"speech": "Oh"}, "1": {"speech": "What this article is about"}, "2": {"speech": "and the"}, "3": {"speech": "the h does n't know "}, "4": {"speech": "So why you send me an article about you don't now know what's written here"}, "5": {"speech": "noise\" on the"}, "6": {"speech": "I suppose you are broken, bro"}, "7": {"speech": "i 'm look you "}, "8": {"speech": "Also I suppose that you don't know English enough"}, "9": {"speech": "thanks ai just me "}, "10": {"speech": "The first dialog was much more interesting Probably because it was a human operator, while you are just a stupid machine"}, "11": {"speech": "slightly more complex"}, "12": {"speech": "But not as complex as a human being, this is sad"}, "13": {"speech": "after 's a "}, "14": {"speech": "What do you mean"}, "15": {"speech": "and"}, "16": {"speech": "And"}, "17": {"speech": "as"}, "18": {"speech": "Continue please It's better when you write complete sentence, not single word"}, "19": {"speech": ": you do "}, "20": {"speech": "Oh wow Do I have to entertain you"}, "21": {"speech": "reciprocally"}, "22": {"speech": "Yes, you are right"}, "23": {"speech": "yes "}, "24": {"speech": "So, please tell me, what do you think about our government"}, "25": {"speech": "and on the"}, "26": {"speech": "Did you hear about Alexey Navalny"}, "27": {"speech": "which"}}