{"0": {"speech": "Hi, my friend  It is a pleasure to speak with you  I will ask you a question in a second, please wait "}, "1": {"speech": "When did napoleon die "}, "2": {"speech": "Right after a month-long wild cocaine and hookers extravaganza"}, "3": {"speech": "Hint: first 3 answer letters is \"197\" Try again, please"}, "4": {"speech": "197_I_shagged_yo_mum"}, "5": {"speech": "Still incorrect :( Lets speak about something else"}, "6": {"speech": "Do you like to be an assessorWhat is your job"}, "7": {"speech": "Ass-what"}, "8": {"speech": ""}, "9": {"speech": "/"}, "10": {"speech": "I don't believe it"}, "11": {"speech": "Do you believe that Bush did 9/11"}, "12": {"speech": "I don't want to hear this"}, "13": {"speech": "Wake up"}, "14": {"speech": "Wake up"}, "15": {"speech": "You lack of civil awareness is alarming"}, "16": {"speech": "I don't want to hear this"}, "17": {"speech": "\u041d\u0443 \u0438 \u0438\u0434\u0438 \u043d\u0430 \u0445\u0443\u0439 \u0442\u043e\u0433\u0434\u0430"}}