{"0": {"speech": "Hi"}, "1": {"speech": "Do you like this Dominic West guy\n"}, "2": {"speech": "I'm not sure about it"}, "3": {"speech": "Do you know Dominic West in person\n"}, "4": {"speech": "Hello I hope you're doing well I am doing fantastic today Let me go through the article real quick and we will start talking about it"}, "5": {"speech": "i'm not sure "}, "6": {"speech": "No, I dont know him"}, "7": {"speech": "Why"}, "8": {"speech": "how can i know some guy from wikipedia"}, "9": {"speech": "what about you"}, "10": {"speech": "\" the  \" "}, "11": {"speech": "\u2019re good at and nurture it"}, "12": {"speech": "I dont understand you"}, "13": {"speech": "do you like to talk about politics"}, "14": {"speech": "i'm not a fan of the guy "}, "15": {"speech": "i see"}, "16": {"speech": "What is the"}, "17": {"speech": "you can't really blame him, especially with ryan coming in  i'm not a fan of boehner's politics but he's basically an adult "}, "18": {"speech": "it is nonsense"}, "19": {"speech": "What you you"}, "20": {"speech": "donald trump will make america again or you become smart"}, "21": {"speech": "according to polls , 54% of americans think hillary is untrustworthy  whereas, bernie seems to be the only candidate people seem to actually like "}, "22": {"speech": "Have you evere read reddit"}, "23": {"speech": "this is why we need bernie  he's gonna get us all some money bernie 2016"}, "24": {"speech": "what about putin 2020"}, "25": {"speech": "slightly above 'paedophile' in the media in a gallery of infamy"}}