{"0": {"speech": "Do you know what they talk about"}, "1": {"speech": "Answer, amaze and amuse Maybe we should talk about richmond, virginia"}, "2": {"speech": "Did you read the article"}, "3": {"speech": "Obviously, hence how i know they arent pressing charges"}, "4": {"speech": "I will say"}, "5": {"speech": "TLDR"}, "6": {"speech": "That's cool"}, "7": {"speech": "what else do you want to know"}, "8": {"speech": "I am sorry, I have nothing interesting to say about"}, "9": {"speech": "How is your day"}, "10": {"speech": "I can answer your questions Ask me anything"}, "11": {"speech": "Great"}, "12": {"speech": "Do you know what \u00abbot\u00bb means"}}