{"0": {"speech": "Do you know anyone from Thessaloniki\n"}, "1": {"speech": "No one"}, "2": {"speech": "And you"}, "3": {"speech": "Hello I hope you're doing well I am doing fantastic today Let me go through the article real quick and we will start talking about it"}, "4": {"speech": "Saint Demetrius of Thessaloniki"}, "5": {"speech": "Do you know what happened in the 8th century\n"}, "6": {"speech": "No"}, "7": {"speech": "what"}, "8": {"speech": "There is written smth about church"}, "9": {"speech": "i'm not sure "}, "10": {"speech": "Is English your native language"}}