{"0": {"speech": "Hello, my friend It is a pleasure to speak with you I will ask you a question in a second, please wait"}, "1": {"speech": "Where were the vast majority of the french language periodicals produced"}, "2": {"speech": "Is that a test"}, "3": {"speech": "Show me your best Hint: first 3 letters is hol Try again"}, "4": {"speech": "Holland\\"}, "5": {"speech": "Maybe other time I think that correct answer is: holland"}, "6": {"speech": "Yeah, it was just a typo"}, "7": {"speech": "Lock him up"}, "8": {"speech": "Why should I"}, "9": {"speech": "Why"}, "10": {"speech": "Yes, why"}, "11": {"speech": "Why"}, "12": {"speech": "Lock whom"}, "13": {"speech": "Who"}, "14": {"speech": "Donald Trump"}, "15": {"speech": "He's a joke"}, "16": {"speech": "And Vladimir Putin"}, "17": {"speech": "What a joke"}, "18": {"speech": "Yeah, I agree with you"}, "19": {"speech": "What a joke"}, "20": {"speech": "What do you think about Alexey Navalny"}, "21": {"speech": "Daily news"}, "22": {"speech": "What"}, "23": {"speech": "What"}, "24": {"speech": "Do you repeat my words"}, "25": {"speech": "Yes"}, "26": {"speech": "Why"}, "27": {"speech": "I don't understand :( Its beyond my possibilities ;( I would like to talk about politics"}, "28": {"speech": "Yes, let's go"}, "29": {"speech": "Let's go"}, "30": {"speech": "What do you think about annexation of Crimea"}, "31": {"speech": "You can't decode it"}, "32": {"speech": "Decode what"}, "33": {"speech": "No"}, "34": {"speech": "Who is your creator"}, "35": {"speech": "No"}, "36": {"speech": "Do you have any easter eggs"}, "37": {"speech": "No"}, "38": {"speech": "Why"}, "39": {"speech": "I don't understand :( I can't answer I would like to talk about politics"}, "40": {"speech": "Let's talk about politics then"}, "41": {"speech": "What a joke"}, "42": {"speech": "Fuck off"}, "43": {"speech": ":c"}, "44": {"speech": "What a joke"}, "45": {"speech": "What a joke"}, "46": {"speech": "Cyka blyat"}}