{"0": {"speech": "Hello, my friend Hope this chat will go well I will ask you a question in a second, please wait"}, "1": {"speech": "How many restaurants in kathmandu had in kathmandu"}, "2": {"speech": "5"}, "3": {"speech": "You can do better Hint: first 2 letters is on Try again"}, "4": {"speech": "one"}, "5": {"speech": "It is right Ask me or wait my new question \ud83c\udf08"}, "6": {"speech": "Hoa many international chain restaurants "}, "7": {"speech": "Who cares"}, "8": {"speech": "I mean how many international chain restaurants "}, "9": {"speech": "Who cares"}, "10": {"speech": "How many international china restaurants "}, "11": {"speech": "Lol"}, "12": {"speech": "Which kinds of foods does Kathmandu serve "}, "13": {"speech": "It seems that correct answer is: crispy noodles with a fried egg"}, "14": {"speech": "You are wrong  The answer is Nepali cuisine, Tibetan cuisine, Chinese cuisine and Indian cuisine"}, "15": {"speech": "No"}}