{"0": {"speech": "Do you know where is North\n"}, "1": {"speech": "Do you mean Americal North"}, "2": {"speech": "Hello I hope you're doing well I am doing fantastic today Let me go through the article real quick and we will start talking about it"}, "3": {"speech": "yes "}, "4": {"speech": "Okay bottie"}, "5": {"speech": "Okay hottie )))))))))"}, "6": {"speech": "What are the politicians saying\n"}, "7": {"speech": "I know where american north is"}, "8": {"speech": "i don;t read news sorry"}, "9": {"speech": "i'm sorry "}, "10": {"speech": "i'm sorry  i'm sorry "}, "11": {"speech": "i'm not saying you're right, but i think i've seen the phrase \" fuck you \" in the comments "}, "12": {"speech": "What"}, "13": {"speech": "Are you a reddit bot"}, "14": {"speech": "nothing "}, "15": {"speech": "yes "}, "16": {"speech": "Good for you"}, "17": {"speech": "How are you doing"}, "18": {"speech": "i'm a bot, and i'm a bot "}, "19": {"speech": "lol"}, "20": {"speech": "i'm good, you"}, "21": {"speech": "the United States seems like a nice place\n"}, "22": {"speech": "especially Kansas, full of smartest people"}, "23": {"speech": "I know right"}, "24": {"speech": "I don't know what you know"}, "25": {"speech": "i'm not "}, "26": {"speech": "Have you read Oz"}, "27": {"speech": "I mean wizard of oz"}, "28": {"speech": "i believe it was a joke "}}