{"0": {"speech": "Hello I am professional teacher about reading comprehension Let's compete You give me questions, and I will answer all of your questions XD"}, "1": {"speech": "Hi"}, "2": {"speech": "Hi"}, "3": {"speech": "how are you"}, "4": {"speech": "I'm fine"}, "5": {"speech": "What are consist of punjab's geography"}, "6": {"speech": "I don't know"}, "7": {"speech": "what is the chief source of income in punjab"}, "8": {"speech": "Agriculture"}, "9": {"speech": "what is its capital"}, "10": {"speech": "I don't know"}, "11": {"speech": "have you been to lahore"}, "12": {"speech": "No"}, "13": {"speech": "how percentage of large scale manufacturing in the contury"}, "14": {"speech": "392"}, "15": {"speech": "can you tell me the mountains in the southwest part of the province"}, "16": {"speech": "No, no, no, no, no, no, no, no, no"}, "17": {"speech": "why not"}}