{"0": {"speech": "Hi"}, "1": {"speech": "hi my hi "}, "2": {"speech": "Are you already familiar with the topic)"}, "3": {"speech": "yeah "}, "4": {"speech": "What do you think"}, "5": {"speech": "population"}, "6": {"speech": "Btw, do you know the meaning of pardo"}, "7": {"speech": "Who are they"}, "8": {"speech": "the and other"}, "9": {"speech": ""}, "10": {"speech": "I don't get what you are saying"}, "11": {"speech": "I mean at all "}, "12": {"speech": "how 're you "}, "13": {"speech": "I'm good And you"}, "14": {"speech": "i did you  i down "}, "15": {"speech": "population"}, "16": {"speech": "Where are you from"}, "17": {"speech": ""}, "18": {"speech": "What language do you speak"}}