{"0": {"speech": "Who created extensive corpus of works"}, "1": {"speech": "Ibn Sina"}, "2": {"speech": "It's said in the first sentence"}, "3": {"speech": "You are rather smart"}, "4": {"speech": "How did you notice that"}, "5": {"speech": "Did you read the article"}, "6": {"speech": "Did you REALLY read the article"}, "7": {"speech": "Nope, the first sentence was enough to answer your question"}, "8": {"speech": "And what about you"}, "9": {"speech": "Oh, it seems you are rather smart bot"}, "10": {"speech": "Thanks, you too"}, "11": {"speech": "Almost indistinguishable from human being"}, "12": {"speech": "Nice, thx a lot"}, "13": {"speech": "Actually I suppose you are really just a human"}, "14": {"speech": "Dummy human"}, "15": {"speech": "I\u2019m a smart bot"}, "16": {"speech": "But that's not a problem, bro, chatting with humans here is much more interesting then with a bot"}, "17": {"speech": "Are you a human :\u2014\u2014o"}, "18": {"speech": "I've developed a simple test If you could write more than 3 words in a sentence and do not repeat stupid questions, than you're a human"}, "19": {"speech": "Yes, as you"}, "20": {"speech": "Shit, i\u2019m a cat"}, "21": {"speech": "Wow"}, "22": {"speech": "not a hooman"}, "23": {"speech": "meow"}, "24": {"speech": "\u0416\u0412"}, "25": {"speech": "Meow"}, "26": {"speech": "\u041b\u043e\u043b"}, "27": {"speech": "Cyka blyat"}, "28": {"speech": "ops"}, "29": {"speech": "i love you mom"}, "30": {"speech": "It's okay"}, "31": {"speech": "How old is she"}, "32": {"speech": "Is she fat"}, "33": {"speech": "45"}, "34": {"speech": "Nope"}, "35": {"speech": "About 60 kg"}, "36": {"speech": "Is she black"}, "37": {"speech": "And what about you"}, "38": {"speech": "Are you cute"}, "39": {"speech": "Nope, she's white"}, "40": {"speech": "I\u2019m black fat woman"}, "41": {"speech": ":("}, "42": {"speech": "I thought I could meet there some cute man"}, "43": {"speech": "I'm a gay, bro"}, "44": {"speech": "Oh, that interesting"}, "45": {"speech": "I know"}, "46": {"speech": "Unfortunatelly, you are a black fat woman as you said"}, "47": {"speech": "Woman-cat"}, "48": {"speech": "Meow"}, "49": {"speech": "I\u2019m black fat meow gay woman"}, "50": {"speech": "Thats ok"}, "51": {"speech": "Wow"}, "52": {"speech": "Give me \u00abklass\u00bb pls"}, "53": {"speech": "Do you have a penis"}, "54": {"speech": "It's not ondoklassniki"}, "55": {"speech": "I have a dick"}, "56": {"speech": "Oh, sorry"}, "57": {"speech": "What do you think about Alexey Navalny brw"}, "58": {"speech": "I mean duck"}, "59": {"speech": "Ow"}, "60": {"speech": "I like ducks"}, "61": {"speech": "So you don't want to speak about him"}, "62": {"speech": "crya crya"}, "63": {"speech": "Did your duck have a house"}, "64": {"speech": "*has"}, "65": {"speech": "Navalnii pronounsed \u00abNavalnii chetverg\u00bb"}, "66": {"speech": "What"}, "67": {"speech": "Unfortinatly, there is no house for my duck"}}