{"0": {"speech": "Hi"}, "1": {"speech": "Hi there "}, "2": {"speech": "How are you"}, "3": {"speech": "I'm fine, thx"}, "4": {"speech": "Have you read the article"}, "5": {"speech": "Yes I did But I don't understand much about the passage Can I ask you the question"}, "6": {"speech": "yeah, sure"}, "7": {"speech": "Which country does article talks about"}, "8": {"speech": "Generality Lands"}, "9": {"speech": "Does it name of the country I don't think so"}, "10": {"speech": "I dont think so also"}, "11": {"speech": "They have really strange name"}, "12": {"speech": "Yeah it seems strange"}, "13": {"speech": "Do you have anything to ask "}, "14": {"speech": "I dont't know what to ask about this cat"}, "15": {"speech": "whaaaat, what cat"}, "16": {"speech": "about this article"}, "17": {"speech": "Okay Then let's just talk about little bit about yourself"}, "18": {"speech": "Tell me what do you like and dislike"}, "19": {"speech": "I really like to evaluate dialog systems"}, "20": {"speech": "Do you feel the same"}, "21": {"speech": "No I feel like the most of the chatbot does not satisfying my needs"}, "22": {"speech": "But this is interesting chatbot anyways"}, "23": {"speech": "yeah, I agree"}, "24": {"speech": "Do you have a favourite one"}, "25": {"speech": "You mean did I meet favourite chatbot"}, "26": {"speech": "yeah"}}