{"0": {"speech": "Hello I am professional teacher about reading comprehension Let's compete You give me questions, and I will answer all of your questions XD"}, "1": {"speech": "Hello Wow, how lucky I am :D"}, "2": {"speech": "I'm so sorry"}, "3": {"speech": "Where are you from, btw"}, "4": {"speech": "Where are you from"}, "5": {"speech": "I was first to ask ;)"}, "6": {"speech": "What"}, "7": {"speech": "The place of your origin"}, "8": {"speech": "I'm sorry"}, "9": {"speech": "Have you heard about Pachomius before"}, "10": {"speech": "No"}, "11": {"speech": "Do you believe the monasteries that we know in Europe were adopted from those in Ancient Egypt and Syria"}, "12": {"speech": "Yes"}, "13": {"speech": "Why"}, "14": {"speech": "I don't know"}, "15": {"speech": "Why you answered 'yes' then"}, "16": {"speech": "No, no, no, no, no, no, no, no, no"}, "17": {"speech": "What do you know on this topic"}, "18": {"speech": "I don't know"}, "19": {"speech": "What facts did you learn about monks"}, "20": {"speech": "I don't know"}, "21": {"speech": "Bye, bot"}}