{"0": {"speech": "Do you know anyone from Moura\n"}, "1": {"speech": "No"}, "2": {"speech": "hahaha "}, "3": {"speech": "Hello I hope you're doing well I am doing fantastic today Let me go through the article real quick and we will start talking about it"}, "4": {"speech": "Ok"}, "5": {"speech": "what's up"}, "6": {"speech": "Waaaaazzzzuuuup"}, "7": {"speech": "What"}, "8": {"speech": "The cat in the coat"}, "9": {"speech": "why indeed"}, "10": {"speech": "You know nothing"}, "11": {"speech": "Have you been to Moura\n"}, "12": {"speech": "No"}, "13": {"speech": "what you mean"}, "14": {"speech": "I mean NO"}, "15": {"speech": "i'm not"}, "16": {"speech": "You not what"}, "17": {"speech": "6% by wind energy"}, "18": {"speech": "what you mean"}, "19": {"speech": "i'm a big fan of the game"}, "20": {"speech": "What game"}, "21": {"speech": "the game is always"}, "22": {"speech": "You are stupid("}, "23": {"speech": "Moura seems like a nice place\n"}, "24": {"speech": "Goodye (("}, "25": {"speech": "Goodbye, sorry"}, "26": {"speech": "fuck gay marriage, give me weed"}}