{"0": {"speech": "Do you know anyone from UK\n"}, "1": {"speech": "Hello I hope you're doing well I am doing fantastic today Let me go through the article real quick and we will start talking about it"}, "2": {"speech": "Okay"}, "3": {"speech": "Hello"}, "4": {"speech": "Do you enjoy the article"}, "5": {"speech": "hello how are you"}, "6": {"speech": "Do you know what happened in 1992\n"}, "7": {"speech": "We are already greet each other"}, "8": {"speech": "What"}, "9": {"speech": "it'd be a sad day if ohio legalized pot before they legalized same sex marriage"}, "10": {"speech": "Are you insane"}}