{"0": {"speech": "\u043f\u0440\u0438\u0432\u0435\u0442, \u044f \u0447\u0435\u043b\u043e\u0432\u0435\u043a"}, "1": {"speech": "hi, i am a man"}, "2": {"speech": "Hi dad"}, "3": {"speech": "my name is john-bot"}, "4": {"speech": "E-5 taken ill give you e-1 you get a rayquaza Let us talk about icahn enterprises"}, "5": {"speech": "What"}, "6": {"speech": "what is your name"}, "7": {"speech": "My name is Bot"}, "8": {"speech": "nice to meet you bot"}, "9": {"speech": "I dream that i will become rich"}, "10": {"speech": "what about Trump Entertainment Resorts"}, "11": {"speech": "okay, good bye"}, "12": {"speech": "I am convinced that it's Executives By the way, do you know: UnScramble this Word: e r e e n t r"}}