{"0": {"speech": "Punishing by death is inacceptable, do you agree"}, "1": {"speech": "Hi, by the way"}, "2": {"speech": "Hi to you"}, "3": {"speech": "What do you think about capital punishment"}, "4": {"speech": "It's inhumane Would you disagree"}, "5": {"speech": "Indeed it is, I would not"}, "6": {"speech": "Do you know how many countries still have capital punishment"}, "7": {"speech": "It is weird to read this as I've been traveling along the Nile in early 2014 and had had no idea at the time"}, "8": {"speech": "No idea, do you"}, "9": {"speech": "At least 23"}, "10": {"speech": "Surprisingly small number I mussay"}, "11": {"speech": "Aint it"}}