{"0": {"speech": "Greetings  I hope you will enjoy this conversation  Wait a second for my factoid question "}, "1": {"speech": "Who was george i "}, "2": {"speech": "He was the first Hanoverian monarch"}, "3": {"speech": "Hint: first 3 answer letters is \"fir\" Try again, please"}, "4": {"speech": "first Hanoverian monarch"}, "5": {"speech": "Still incorrect :( Lets speak about something else"}, "6": {"speech": "first monarch"}, "7": {"speech": "No"}, "8": {"speech": "Hi"}, "9": {"speech": "Hi"}, "10": {"speech": "Hello"}, "11": {"speech": "Hello"}, "12": {"speech": "What is Coronation Oath"}}