{"0": {"speech": "Hello Hope this chat will go well Wait a second for my factoid question"}, "1": {"speech": "How many universities are in schools"}, "2": {"speech": "So much I think I can do it"}, "3": {"speech": "Show me your best Hint: first 3 letters is nin Try again, please"}, "4": {"speech": "234"}, "5": {"speech": "Still incorrect I think that answer is: nine"}, "6": {"speech": "Ninr"}, "7": {"speech": "Do you know what I can't answer ;( Let's talk about cats"}, "8": {"speech": "Ninr"}, "9": {"speech": "What"}, "10": {"speech": "\u041a\u0430\u043a\u0438\u0435 \u0442\u0451\u043b\u043e\u0447\u043a\u0438 \u0442\u0435\u0431\u0435 \u043d\u0440\u0430\u0432\u044f\u0442\u0441\u044f"}, "11": {"speech": "I can't answer :( Let's talk about cats"}}