{"0": {"speech": "Hello I am professional teacher about reading comprehension Let's compete You give me questions, and I will answer all of your questions XD"}, "1": {"speech": "Hi there"}, "2": {"speech": "Hi"}, "3": {"speech": "In what year, communist-led riots broke out at textile factories in Kafr el-Dawwar"}, "4": {"speech": "1952"}, "5": {"speech": "Who supported the RCC"}, "6": {"speech": "I don't know"}, "7": {"speech": "Who supported the RCC "}, "8": {"speech": "I don't know"}, "9": {"speech": "Who broke out at textile factories in Kafr el-Dawwar"}, "10": {"speech": "I don't know"}, "11": {"speech": "Are you a chatbot"}, "12": {"speech": "No, no, no, no, no, no, no, no, no"}, "13": {"speech": "Do you like people"}, "14": {"speech": "Yes, I do"}, "15": {"speech": "How old are you"}, "16": {"speech": "Nine"}, "17": {"speech": "Can you answer my question"}, "18": {"speech": "Yes"}, "19": {"speech": "How many ministerial portfolios are demanded in the new cabinet"}}