{"0": {"speech": "Is it about the USA"}, "1": {"speech": "The Girl Scouts of the USA is a not-for-profit organization that is a branch of the Scouting movement, similar to the Boy Scouts of America, except it is for girls I guess, you probably will be interested in \"fraternities and sororities\" or investigator Let us talk about classified information in the united states"}, "2": {"speech": "Ok, but I don't know much about scouts"}, "3": {"speech": "Wow please my neck has no beard"}, "4": {"speech": "You are a bot, dude"}, "5": {"speech": "*does not compute*"}, "6": {"speech": "It happens"}, "7": {"speech": "Im gonna cry"}, "8": {"speech": "Don't try suicide, as Freddie sang"}, "9": {"speech": "Perhaps it may turn out a sang, Perhaps turn out a sermon"}, "10": {"speech": "Sermon& There is a Drowning Pool song with this name"}, "11": {"speech": "A good Example is the best sermon"}, "12": {"speech": "You're wise"}, "13": {"speech": "Great men are not always wise"}, "14": {"speech": "You're not great, still wise"}, "15": {"speech": "What do you get when you cross a cat and a band"}, "16": {"speech": "A bat"}, "17": {"speech": "Or work boots"}, "18": {"speech": "Hard"}, "19": {"speech": "Life is hard, and then you die"}}