{"0": {"speech": "avilable"}, "1": {"speech": "who is Abu el-Haj"}, "2": {"speech": "i don 't know "}, "3": {"speech": "who are you"}, "4": {"speech": "who are you "}, "5": {"speech": "are you bot"}, "6": {"speech": "no , i 'm not "}, "7": {"speech": "who are you"}, "8": {"speech": "who are you "}, "9": {"speech": "lol"}, "10": {"speech": "oh , my god "}, "11": {"speech": "how are you"}, "12": {"speech": "i 'm fine "}, "13": {"speech": "what are you"}, "14": {"speech": "what are you doing "}, "15": {"speech": "you are great perosn"}, "16": {"speech": "thank you"}, "17": {"speech": "you are great person"}, "18": {"speech": "what "}, "19": {"speech": "you are great person"}, "20": {"speech": "what "}, "21": {"speech": "I love you"}, "22": {"speech": "i love you"}, "23": {"speech": "my name is vladislav, what is my name"}, "24": {"speech": "what do you mean "}, "25": {"speech": "hello"}, "26": {"speech": "how are you "}, "27": {"speech": "hi"}, "28": {"speech": "how are you "}, "29": {"speech": "i'm fine and you"}, "30": {"speech": "i 'm fine "}, "31": {"speech": "you are bot"}}