{"0": {"speech": "Hi I hope you will enjoy this conversation Wait a second for my factoid question"}, "1": {"speech": "What was nato's shipping"}, "2": {"speech": "Magic wands"}, "3": {"speech": "It is incorrect Hint: first 3 letters is ope Try again"}, "4": {"speech": "Open boxes with magic wands"}, "5": {"speech": "Incorrect I think that correct answer is: operation active endeavour:)"}, "6": {"speech": "Incorrect"}, "7": {"speech": "What a joke"}, "8": {"speech": "You are a joke"}, "9": {"speech": "I can't answer I would like to talk about news:)"}, "10": {"speech": "No news for you"}, "11": {"speech": "Fake news"}, "12": {"speech": "Maybe"}}