{"0": {"speech": "Hello I am professional teacher about reading comprehension Let's compete You give me questions, and I will answer all of your questions XD"}, "1": {"speech": "Questions Ok, first question: what is your name"}, "2": {"speech": "I don't know what you're talking about"}, "3": {"speech": "Probably because you are a machine"}, "4": {"speech": "I'm not a cop"}, "5": {"speech": "Sure Still you have no soul"}, "6": {"speech": "No, no, no, no, no, no, no, no, no "}, "7": {"speech": "It is great you understand that"}}