{"0": {"speech": "Hi It is very hard and long text to read"}, "1": {"speech": "Hello I hope you're doing well I am doing fantastic today Let me go through the article real quick and we will start talking about it"}, "2": {"speech": "huh what"}, "3": {"speech": "Could you summarize it in one sentence"}, "4": {"speech": "he accurately describes the octahedral shape of the diamond"}, "5": {"speech": "Cool, what is a diamond"}, "6": {"speech": "cut and polish other gems owing to its great hardness"}, "7": {"speech": "Is diamond connected with dancing"}}