{"0": {"speech": "God Are you religious"}, "1": {"speech": "Religious ideas, supposedly private matters between man and god, are in practice always political ideas Why don't we talk about dominican order"}, "2": {"speech": "Ok, lets talk about it However, I don't know much on this topic"}, "3": {"speech": "Answer, amaze and amuse"}, "4": {"speech": "If you have any questions, I will answer, of course"}, "5": {"speech": "Do you marijuana"}, "6": {"speech": "Never tried, but I'd like to"}, "7": {"speech": "Kevin said he then asked his mother why she was keeping napkins in the bathroom"}, "8": {"speech": "Kevin Is this from some book or movie"}, "9": {"speech": "The rock"}, "10": {"speech": "Never seen it"}, "11": {"speech": "Goddammit"}, "12": {"speech": "Why"}, "13": {"speech": "I'm doing well, thank you"}, "14": {"speech": "Me too So what about the article"}, "15": {"speech": "And me"}, "16": {"speech": "I don't know who you are, bro"}, "17": {"speech": "But uh have et"}, "18": {"speech": "I have no ethereum"}, "19": {"speech": "Thank you"}}