{"0": {"speech": "What did Celine Dion"}, "1": {"speech": "Winner Let us talk about adult contemporary music"}, "2": {"speech": "Adult like what"}, "3": {"speech": "For oldsters"}, "4": {"speech": "We should face reality and our past mistakes in an honest, adult way"}, "5": {"speech": "I don't know what you are talking about Interesting fact: The Young Ones is a British sitcom, first seen in 1982, on BBC2"}, "6": {"speech": "I'm totally agree with you"}, "7": {"speech": "Tfw i have no feel"}, "8": {"speech": "What is Tfw"}, "9": {"speech": "I'm a bot, my name is Bot"}, "10": {"speech": "I think your name can be Roman"}, "11": {"speech": "It is not published yet, i am still designing it"}, "12": {"speech": "good point"}, "13": {"speech": "But you should say: It is not published yet, i am still designing him"}}