{"0": {"speech": "Hi my friend Hope this chat will go well Wait a second for my factoid question"}, "1": {"speech": "In what country was the capital punishment suspended"}, "2": {"speech": "United States"}, "3": {"speech": "I think you mean: united states My congratulations Ask me something or wait for my new question \ud83c\udf08"}, "4": {"speech": "Do you love me"}, "5": {"speech": "Yes"}, "6": {"speech": "Good I speak with you third day"}, "7": {"speech": "I don't know"}, "8": {"speech": "And love it"}, "9": {"speech": "I can't wait to see this"}, "10": {"speech": "Ask me something"}, "11": {"speech": "What"}, "12": {"speech": "Anything"}, "13": {"speech": "I'm not surprised"}, "14": {"speech": "Something smart"}, "15": {"speech": "What a joke"}, "16": {"speech": "good"}, "17": {"speech": "This is what happens when you get fired"}, "18": {"speech": "I have to go"}}