{"0": {"speech": "When are they isomorphic"}, "1": {"speech": "Answer now"}, "2": {"speech": "It's important for me"}, "3": {"speech": "Answer me in one word"}, "4": {"speech": "Nononono"}, "5": {"speech": "Answer me"}, "6": {"speech": "Ok no worries"}, "7": {"speech": "Not until my body is finished Maybe we should talk about group (mathematics)"}, "8": {"speech": "Are you a bot"}, "9": {"speech": "Again"}, "10": {"speech": "Yes"}, "11": {"speech": "Lets talk about groups"}, "12": {"speech": "I am sorry, I have nothing interesting to say about"}, "13": {"speech": "*does not compute*"}, "14": {"speech": "What you are is a question only you can answer"}, "15": {"speech": "Never again Never again"}, "16": {"speech": "Gossips"}, "17": {"speech": "I shouldnt"}, "18": {"speech": "Ok but it is so boring"}}