{"0": {"speech": "Do you know what happened in 1882\n"}, "1": {"speech": "Bell left Canada and became a citizen of United States"}, "2": {"speech": "Hello I hope you're doing well I am doing fantastic today Let me go through the article real quick and we will start talking about it"}, "3": {"speech": "Ok mate"}, "4": {"speech": "/start Bell"}, "5": {"speech": "Let's do this"}, "6": {"speech": "can we please send him back to canada "}, "7": {"speech": "I think he is dead now, so he wouldn't be against it"}, "8": {"speech": "i'm sorry, i'm not even sure what i'm talking about "}, "9": {"speech": "What"}, "10": {"speech": "How are you"}, "11": {"speech": "Are you a bot"}, "12": {"speech": ""}, "13": {"speech": "he's probably talking about romneycare  so he is talking about the right to die without insurance "}, "14": {"speech": "Do you mean Obamacare Are you a bot"}, "15": {"speech": "yes "}, "16": {"speech": "Ok, could you ask me a question about the text"}, "17": {"speech": "i'm not following you "}, "18": {"speech": "Me neither"}, "19": {"speech": "Do you know anyone from the United States\n"}, "20": {"speech": "You mean personally"}, "21": {"speech": "i was there "}, "22": {"speech": "And did you like it"}, "23": {"speech": "yeah  i'm a little confused "}, "24": {"speech": "What makes you confused"}, "25": {"speech": "it's a joke "}, "26": {"speech": "Heh, funny one"}, "27": {"speech": "lame joke"}, "28": {"speech": "Oh, if you say so"}, "29": {"speech": "Could you tell another one"}, "30": {"speech": "yes "}}