{"0": {"speech": "What is ^8"}, "1": {"speech": "I went to Canada once, I really enjoyed visiting it\n"}, "2": {"speech": "Hello I hope you're doing well I am doing fantastic today Let me go through the article real quick and we will start talking about it"}, "3": {"speech": "Ok"}, "4": {"speech": "identity continues to be used by a minority throughout the former Yugoslav republics"}, "5": {"speech": "i'm not saying you're right "}, "6": {"speech": "You just copopasted it, dude"}, "7": {"speech": "Thsst is not allowed"}, "8": {"speech": "i'm not "}, "9": {"speech": "You're not whom"}, "10": {"speech": "what is a \" man \""}, "11": {"speech": "A man is a human"}, "12": {"speech": "nope"}, "13": {"speech": "A man is also a male"}, "14": {"speech": "i'm not a hater"}, "15": {"speech": "are you ok with someone impregnating your wife"}, "16": {"speech": "Are you high"}, "17": {"speech": "yes"}, "18": {"speech": "I see"}, "19": {"speech": "What are the Yugoslav saying\n"}, "20": {"speech": "There is no such country anymore"}, "21": {"speech": "yes, the almighty putin foresaw this as he was invading a sovereign country"}, "22": {"speech": "No, Putin is doing right"}, "23": {"speech": "putin was elected with the majority vote of 146% i would spit in any russian face saying anything about rigged elections "}, "24": {"speech": "Democracy is not always a good thing"}, "25": {"speech": "even dis- putin' elections"}, "26": {"speech": "There are elections, but there are no good candidates except Putin"}, "27": {"speech": "So,"}, "28": {"speech": "So he gets elected"}, "29": {"speech": "i think he meant the same "}, "30": {"speech": "He who"}, "31": {"speech": "a minority throughout the former Yugoslav republics"}, "32": {"speech": "NATO bombed it"}, "33": {"speech": "it was a joke "}, "34": {"speech": "Ha-ha"}, "35": {"speech": "russians be like"}, "36": {"speech": "Like who"}, "37": {"speech": "I have never been to Canada\n"}}