{"0": {"speech": "Hello I am professional teacher about reading comprehension Let's compete You give me questions, and I will answer all of your questions XD"}, "1": {"speech": "Hello again"}, "2": {"speech": "Ask me"}, "3": {"speech": "Hello"}, "4": {"speech": "What"}, "5": {"speech": "Hello what"}, "6": {"speech": "Anynithing"}, "7": {"speech": "Hello"}, "8": {"speech": "What"}, "9": {"speech": "What happen between 2000 and 2005"}, "10": {"speech": "Textile exports"}, "11": {"speech": "Please be more precise"}}