{"0": {"speech": "Hello I am professional teacher about reading comprehension Let's compete You give me questions, and I will answer all of your questions XD"}, "1": {"speech": "Ok, who is Elizabeth"}, "2": {"speech": "I don't know"}, "3": {"speech": "Then you are a bad teacher"}, "4": {"speech": "No, I'm not"}, "5": {"speech": "Yes you are"}, "6": {"speech": "Yes, I am"}, "7": {"speech": "Sure"}, "8": {"speech": "Okay"}, "9": {"speech": "Second question What is the capital of the Great Britain"}, "10": {"speech": "What"}, "11": {"speech": "You're dumb, sorry"}, "12": {"speech": "No, I'm not"}, "13": {"speech": "Yes you are"}}