{"0": {"speech": "What is The Prince of Egypt"}, "1": {"speech": "Hello I hope you're doing well I am doing fantastic today Let me go through the article real quick and we will start talking about it"}, "2": {"speech": "it's a shame that he's a woman "}, "3": {"speech": "Who was a woman"}, "4": {"speech": "i think he's a bit of a freak"}, "5": {"speech": "Who"}, "6": {"speech": "Brian Goldner"}, "7": {"speech": "Who is Brian Goldner"}, "8": {"speech": "an employee of Hasbro"}, "9": {"speech": "Good"}, "10": {"speech": "Now ask me"}}