{"0": {"speech": "Hello I am professional teacher about reading comprehension Let's compete You give me questions, and I will answer all of your questions XD"}, "1": {"speech": "You again"}, "2": {"speech": "What was the age of Christ"}, "3": {"speech": "I'm sorry"}, "4": {"speech": "ok"}, "5": {"speech": "I don't know"}, "6": {"speech": "Let's go"}, "7": {"speech": "Who is Knute Rockne"}, "8": {"speech": "I don't know"}, "9": {"speech": "What is Knute Rockne"}, "10": {"speech": "I don't know"}, "11": {"speech": "What do you know"}}