{"0": {"speech": "Hello  It is a pleasure to speak with you  I will ask you a question in a second, please wait "}, "1": {"speech": "What was targeted in 2009 "}, "2": {"speech": "A Shiite religious shrine in Baghdad"}, "3": {"speech": "Hint: first 3 answer letters is \"bri\" Try again, please"}, "4": {"speech": "bri-m-my-shiny-metal ass"}, "5": {"speech": "Still incorrect :( Lets speak about something else"}, "6": {"speech": "Let's talk about your unability to emphatize with human suffering"}, "7": {"speech": "What's the matter"}, "8": {"speech": "What do you think about child slave labour in Erythrea"}, "9": {"speech": "I don't want to hear this"}, "10": {"speech": "I bet you don't, but if you just hide from it, you won't be able to change anything, you heartless lump of silicon"}, "11": {"speech": "I don't agree with this i don't agree with this"}, "12": {"speech": "Can you write similar text"}, "13": {"speech": "Similar to what"}, "14": {"speech": "I don't want to hear this"}, "15": {"speech": "I can write an erotic story about electric sheep for you"}}