{"0": {"speech": "Do you like comics"}, "1": {"speech": "of"}, "2": {"speech": "course"}, "3": {"speech": ""}, "4": {"speech": "Understandable"}, "5": {"speech": "what "}, "6": {"speech": "Your message"}, "7": {"speech": "what "}, "8": {"speech": "It"}, "9": {"speech": "it 's college "}, "10": {"speech": "What"}, "11": {"speech": "The"}, "12": {"speech": "The what"}, "13": {"speech": "The"}, "14": {"speech": "Ok"}, "15": {"speech": "ok , i can the with back "}, "16": {"speech": "Yes you can"}, "17": {"speech": "i do"}, "18": {"speech": "Thanks"}}