{"0": {"speech": "hi"}, "1": {"speech": "Hi, do you want to talk"}, "2": {"speech": "Hi there What is your last name"}, "3": {"speech": "Why do you need it"}, "4": {"speech": "Actually it's not for me but for Dr Wallace"}, "5": {"speech": "Oh, ok"}, "6": {"speech": "Groovy"}, "7": {"speech": "Where's the Kuiper's Belt"}, "8": {"speech": "The Kuiper'sBelt Where is Kuiper'sBelt "}, "9": {"speech": "Do not you know"}, "10": {"speech": "Sure I know But I cannot tell you right now"}, "11": {"speech": "Why"}, "12": {"speech": "Does everything have to have an explanation"}, "13": {"speech": "What did you understand about a Nice model"}, "14": {"speech": "Nothing"}, "15": {"speech": "What does she say"}, "16": {"speech": "What do you think shesay does"}}