{"0": {"speech": "That was long ago"}, "1": {"speech": "do was sure "}, "2": {"speech": "I do not want to discuss old things"}, "3": {"speech": "yeah "}, "4": {"speech": "What will we talk about"}, "5": {"speech": ""}, "6": {"speech": "That is nothingness"}, "7": {"speech": " what going "}, "8": {"speech": "Noyhing"}, "9": {"speech": "fuck hmm "}, "10": {"speech": "Fuck who"}, "11": {"speech": "Greece,"}, "12": {"speech": "Been there"}, "13": {"speech": "both it "}, "14": {"speech": "Santorin"}, "15": {"speech": "fuck hmm "}, "16": {"speech": "Again"}, "17": {"speech": "we 're it "}, "18": {"speech": "Fucker"}}