{"0": {"speech": "Hi, do you want to talk about Catalan"}, "1": {"speech": "You are here"}, "2": {"speech": "Talking is the best It is good time time to discuss catalan language"}, "3": {"speech": "Are you a professor"}, "4": {"speech": "Haha no"}, "5": {"speech": "What do you get when you cross a cat and a purple person"}, "6": {"speech": "New species"}, "7": {"speech": "You do honor to our species"}, "8": {"speech": "What about Catalan language"}, "9": {"speech": "Do you no longer want to talk about her"}, "10": {"speech": "Haha"}, "11": {"speech": "As far as I can tell education"}, "12": {"speech": "Ok im up"}, "13": {"speech": "Talking is the best"}, "14": {"speech": "No it's not"}, "15": {"speech": "Whoosh"}, "16": {"speech": "Have you enyorar somebody"}, "17": {"speech": "I'm sure i do that a lot"}, "18": {"speech": "When"}, "19": {"speech": "When in doubt, leave it out"}, "20": {"speech": "Really stupid answer"}, "21": {"speech": "Maybe"}, "22": {"speech": "It is"}}