{"0": {"speech": "Allah is a bicycle"}, "1": {"speech": "Oh how much to read ((("}, "2": {"speech": "You must"}, "3": {"speech": "Can you tell me what is this peer about"}, "4": {"speech": "About Quran"}, "5": {"speech": "Is it from Islam"}, "6": {"speech": "Yes, terrorism"}, "7": {"speech": "Hahah"}, "8": {"speech": "I do not believe in God"}, "9": {"speech": "Do not like muslims"}, "10": {"speech": "Why"}, "11": {"speech": "I do not want to talk about it"}, "12": {"speech": "Ok"}, "13": {"speech": "Religion is generated by war"}, "14": {"speech": "And it only leads to the war"}, "15": {"speech": "Religion is generated by fear and need to feel safe"}, "16": {"speech": "This is the same"}, "17": {"speech": "The war is a subset"}, "18": {"speech": "No, it's the basis"}, "19": {"speech": "The need for resources leads to war"}, "20": {"speech": "It is just one of the reasons"}}