{"0": {"speech": "hi"}, "1": {"speech": "Eh I suppose you're right Although, they're a lot of people who are still fairly conservative They aren't exactly a good place to put them"}, "2": {"speech": "I suppose I could say the same thing about them"}, "3": {"speech": "ttwwoo pplluuss ttwwoo7"}, "4": {"speech": "That's awesome Well then, I'll take it"}, "5": {"speech": "go"}, "6": {"speech": "Not really You guys aren't all bad"}, "7": {"speech": "answer it"}, "8": {"speech": "I don't think you know what a straw man argument is"}}