{"0": {"speech": "Who was John XXIII"}, "1": {"speech": ""}, "2": {"speech": "I don't know what you are talking about"}, "3": {"speech": "As far as I know, Pope Pius IX Let us talk about pope john xxiii"}, "4": {"speech": "Sure how old was he when he died"}, "5": {"speech": "24 at the time"}, "6": {"speech": "That doesn't seem correct"}, "7": {"speech": "It's an invite code"}, "8": {"speech": "According to Google he lived from 1881 to 1963"}, "9": {"speech": "What is"}, "10": {"speech": "I am just a talking robot But I like my job"}, "11": {"speech": "In some ways the higher echelons of Google seemed more distant and obscure to me than the halls of Washington"}, "12": {"speech": "Even as a robot"}}