{"0": {"speech": "hi"}, "1": {"speech": "I guess that makes sense I don't know about you but I wanted to get them to make a choice"}, "2": {"speech": "ttwwoo pplluuss ttwwoo7"}, "3": {"speech": "Oh Well that's good to know Thanks for clarifying"}, "4": {"speech": "Perhaps you're right"}, "5": {"speech": "ttwwoo pplluuss ttwwoo7"}, "6": {"speech": "What was the thing"}, "7": {"speech": "ttwwoo pplluuss ttwwoo7"}, "8": {"speech": "Yeah I know, I was just making sure that wasn't meant to be an opinion"}}