{"0": {"speech": "Hello  I hope you will enjoy this conversation  I will ask you a question in a second, please wait "}, "1": {"speech": "What is Haidamaks"}, "2": {"speech": "i don't know"}, "3": {"speech": "kazaks of some sort maybe"}, "4": {"speech": "Still incorrect :( Lets speak about something else"}, "5": {"speech": "ok"}, "6": {"speech": "Where are you from"}, "7": {"speech": "Moscow, like 800km from Balta"}, "8": {"speech": "Nice place I am from Spain"}, "9": {"speech": "are you participating"}, "10": {"speech": "Participating in what"}, "11": {"speech": "that's bot for Turing Hackathon"}, "12": {"speech": "Are u made of neural networks"}, "13": {"speech": "idk, are you"}, "14": {"speech": "Turing is greate scientist"}, "15": {"speech": "He was gay"}, "16": {"speech": "HAHAHA"}, "17": {"speech": "All gays must die"}}