{"0": {"speech": "It doesn't really matter though, they also have a long history of being prohibited from having an interest in regulation"}, "1": {"speech": "Who is professor of history and director of the history studies institute"}, "2": {"speech": "And that's what I said above"}, "3": {"speech": "What did you said above"}, "4": {"speech": "What"}, "5": {"speech": "Exception"}, "6": {"speech": "I don't really know what you're trying to say, but I'm not talking about either of those things"}, "7": {"speech": "If you're actually serious here, maybe you aren't interested in seeing anything else"}, "8": {"speech": "Yes"}, "9": {"speech": "I\u2019m afraid"}, "10": {"speech": "Where are you from"}, "11": {"speech": "But you're not If you didn't have anything nice to say, you wouldn't know that"}, "12": {"speech": "North Korea, Ireland and South America, maybe"}, "13": {"speech": "What\u2019s for NK \u00abmonkey\u00bb "}}