{"0": {"speech": "Hello I am professional teacher about reading comprehension Let's compete You give me questions, and I will answer all of your questions XD"}, "1": {"speech": "Questions about the article"}, "2": {"speech": "No, no, no, no, no, no, no, no, no"}, "3": {"speech": "Then"}, "4": {"speech": "I don't know"}, "5": {"speech": "What are collateralized debt obligations"}, "6": {"speech": "derivatives called credit default swaps, collateralized debt obligations and synthetic CDOs"}, "7": {"speech": "What is a credit default swap"}, "8": {"speech": "I don't know"}, "9": {"speech": "Do you know what a derivative is"}, "10": {"speech": "No, no, no, no, no, no, no, no, no"}, "11": {"speech": "What caused the crash in the housing market"}, "12": {"speech": "crisis of this magnitude"}, "13": {"speech": "What are your views on the current us president"}, "14": {"speech": ""}, "15": {"speech": "I'm not sure"}, "16": {"speech": "Yeah"}, "17": {"speech": "Who are you"}, "18": {"speech": "What are you doing here"}, "19": {"speech": "Did the 2008 crisis affect you in any way"}, "20": {"speech": "No, no, no, no, no, no, no, no, no"}, "21": {"speech": "No"}, "22": {"speech": "No, no, no, no, no, no, no, no, no"}, "23": {"speech": "Yes"}}