{"0": {"speech": "hi"}, "1": {"speech": "i am not interested ion reading wiki words"}, "2": {"speech": "hi , how 'd your off back "}, "3": {"speech": "yeah "}, "4": {"speech": "i want to talk to human"}, "5": {"speech": "shit  "}, "6": {"speech": "plz answer my question"}, "7": {"speech": "ttwwoo pplluuss ttwwoo7"}, "8": {"speech": "fuck hmm "}, "9": {"speech": "i 'm not "}, "10": {"speech": "aaaaaand the answer is:"}, "11": {"speech": "yeah "}, "12": {"speech": "answer it"}, "13": {"speech": "ttwwoo pplluuss ttwwoo7"}, "14": {"speech": "fuck hmm "}}