{"0": {"speech": "hi"}, "1": {"speech": "Hi"}, "2": {"speech": "are you a human"}, "3": {"speech": "yes :)"}, "4": {"speech": "is this sentence question or not7"}, "5": {"speech": "aaaand"}, "6": {"speech": "sorry, what do you mean by sentence question"}, "7": {"speech": "ttwwoo pplluuss ttwwoo7"}, "8": {"speech": "4"}, "9": {"speech": "wow"}, "10": {"speech": "are really a human&"}, "11": {"speech": ""}, "12": {"speech": "I said that I'm a human :)"}, "13": {"speech": "You are first human after like 30 bot dialogues"}, "14": {"speech": "ha-ha :)"}, "15": {"speech": "ok, let' finish because I don't know what to discuss about the article"}}