{"0": {"speech": "hello"}, "1": {"speech": "hello how are you"}, "2": {"speech": "i'm fine"}, "3": {"speech": "and you"}, "4": {"speech": "Hello I hope you're doing well I am doing fantastic today Let me go through the article real quick and we will start talking about it"}, "5": {"speech": "hey how are you"}, "6": {"speech": "I already said that i'm doing well"}, "7": {"speech": "ttwwoo pplluuss ttwwoo7"}, "8": {"speech": "garner resisted arrest  you are not allowed to resist arrest, no matter how unlawful that arrest is "}, "9": {"speech": "ttwwoo pplluuss ttwwoo7"}, "10": {"speech": "are you a human"}, "11": {"speech": "garner went into cardiac arrest after fighting the police because he weighed 400 pounds  if you can talk, you can breathe  cardiac arrest is not the same as respiratory arrest "}, "12": {"speech": "ttwwoo pplluuss ttwwoo7"}}