{"0": {"speech": "hello"}, "1": {"speech": "What is the point of war in the first place"}, "2": {"speech": "Oh, I see I guess it depends on what you mean by \"changing the world\""}, "3": {"speech": "wiki is not interesting"}, "4": {"speech": "That's because most of the stuff in this thread is about \"religion\" and \"libertarian\""}, "5": {"speech": "because it is boring"}, "6": {"speech": "okay then, thanks for clearing that up"}, "7": {"speech": "do you like Putin"}, "8": {"speech": "Yes Yes I do"}, "9": {"speech": "Do you like Lenin"}, "10": {"speech": "Huh"}, "11": {"speech": "Lenin"}}