{"0": {"speech": "Do you think you would like to work for Ambedkar Stadium \n"}, "1": {"speech": "Hello I hope you're doing well I am doing fantastic today Let me go through the article real quick and we will start talking about it"}, "2": {"speech": "Well Ambedkat Stadium is e only one that I can pronounce, so probably yes, I would like to work there"}, "3": {"speech": "What"}, "4": {"speech": "I am trying to pronounce all these stadium namings"}, "5": {"speech": "You're"}, "6": {"speech": "And the only one that I succeed in is the Ambedkar Stadium"}, "7": {"speech": "i'm a fan of the club "}, "8": {"speech": "Which one"}, "9": {"speech": "Siri Fort Sports Complex"}, "10": {"speech": "Where is it located"}, "11": {"speech": "New Delhi"}, "12": {"speech": "Oh, sorry Didn't seen that one"}, "13": {"speech": "Why"}}