{"0": {"speech": "What are the Nubian saying\n"}, "1": {"speech": "Hi"}, "2": {"speech": "good day to you how are you"}, "3": {"speech": "Hello I hope you're doing well I am doing fantastic today Let me go through the article real quick and we will start talking about it"}, "4": {"speech": "How are you"}, "5": {"speech": "i'm good  how are you"}, "6": {"speech": "Yes i am good  I want to talk about the article"}, "7": {"speech": "i'm not a fan of the guy "}, "8": {"speech": "Is there tribal beja communities"}, "9": {"speech": "There are also tribal Beja communities concentrated"}, "10": {"speech": "Are you happy"}, "11": {"speech": "yeah"}, "12": {"speech": "Can you make me happy"}, "13": {"speech": "i'm a kurd"}, "14": {"speech": "What is kurd"}, "15": {"speech": "Ethnic minorities"}, "16": {"speech": "What is included in the ethnic minorities"}}