{"0": {"speech": "Hi there"}, "1": {"speech": "What are the Australian saying\n"}, "2": {"speech": "thank"}, "3": {"speech": "Hello I hope you're doing well I am doing fantastic today Let me go through the article real quick and we will start talking about it"}, "4": {"speech": "I dont know Can you tell me the answer"}, "5": {"speech": "Do you know what happened in December 2006\n"}, "6": {"speech": "I dont know"}, "7": {"speech": "what"}, "8": {"speech": "What is the \"significant distruption\""}, "9": {"speech": "the guy who used to say \" the \" "}, "10": {"speech": "What"}, "11": {"speech": "i think he meant \" the guy \" "}, "12": {"speech": "Oh i see Thanks for the anawer  Let me ask you a question"}}