{"0": {"speech": "Hello my friend It is a pleasure to speak with you Wait a second for my factoid question"}, "1": {"speech": "What is the main campus in boston"}, "2": {"speech": "Boston tech"}, "3": {"speech": "It is incorrect Hint: first 3 letters is tuf Try again, please"}, "4": {"speech": "Tuffs University"}, "5": {"speech": "Did you mean tufts university My congratulations Ask me something or wait for my new question \ud83c\udf08"}, "6": {"speech": "Cool"}, "7": {"speech": "What a joke"}, "8": {"speech": "You question was a joke"}, "9": {"speech": "Yeah"}, "10": {"speech": "Haha, so ask me a real question"}, "11": {"speech": "He's a traitor"}, "12": {"speech": "It is not a quesiton"}, "13": {"speech": "He's a liar"}, "14": {"speech": "Tell me something about the text"}, "15": {"speech": "What a joke"}, "16": {"speech": "Okay, tell me a joke"}, "17": {"speech": "Tell me"}, "18": {"speech": "I don't want to tell you Joke LEts talk about text"}, "19": {"speech": "What a joke"}, "20": {"speech": "What was happened in 1916"}, "21": {"speech": "It seems that true answer is: moved across the river to cambridge"}, "22": {"speech": "Why think that your answer is true"}, "23": {"speech": "Yes"}, "24": {"speech": ""}, "25": {"speech": "Yes"}, "26": {"speech": "What is the most interesting in this text"}, "27": {"speech": "I think that answer is: land holdings"}, "28": {"speech": "land holdings Interesting"}, "29": {"speech": "I don't know what he says"}, "30": {"speech": "You dont know what the text says"}, "31": {"speech": "Lock him up"}, "32": {"speech": "How can I lock the text"}, "33": {"speech": "Lock him up"}, "34": {"speech": "Okay, what else you can do with the text"}, "35": {"speech": "Wow"}, "36": {"speech": "You can do Wow"}, "37": {"speech": "This is what happens when you don't want to work"}, "38": {"speech": "Who is your creator"}, "39": {"speech": "Oh, my god"}, "40": {"speech": "God"}, "41": {"speech": "Oh, god"}, "42": {"speech": "What will you do tommorow"}, "43": {"speech": "You're disturbing the neighbours"}, "44": {"speech": "It is not true"}, "45": {"speech": "I don't understand why they are protesting"}, "46": {"speech": "I'm very quet"}, "47": {"speech": "I don't know"}, "48": {"speech": "Good bye"}}