{"0": {"speech": "hi"}, "1": {"speech": "hi"}, "2": {"speech": "are you human"}, "3": {"speech": "Hi there"}, "4": {"speech": "My species is too famous to tell you"}, "5": {"speech": "can you add"}, "6": {"speech": "ttwwoo pplluuss ttwwoo7"}, "7": {"speech": "I do not do math Maybe you should consult a calculator"}, "8": {"speech": "I really enjoy speaking with you and look forward to chatting again"}, "9": {"speech": "Ok, let's try"}, "10": {"speech": "Ayuh I don't know if it's in my power to give permission"}, "11": {"speech": "OK"}, "12": {"speech": "Anything interesting"}, "13": {"speech": ""}, "14": {"speech": "So"}, "15": {"speech": ""}, "16": {"speech": "Do you have a name"}, "17": {"speech": "What is your name"}, "18": {"speech": "I am called Nameless"}, "19": {"speech": "I can't think of anything You think of something"}}