{"0": {"speech": "Hello I hope you will enjoy this conversation I will ask you a question in a second, please wait"}, "1": {"speech": "What are \"bore readers\""}, "2": {"speech": "It's a verb"}, "3": {"speech": "Make readers bored"}, "4": {"speech": "Hint: first 3 answer letters is \"abc\" Try again, please"}, "5": {"speech": "What"}, "6": {"speech": "Hint: first 3 answer letters is \"abc\" Try again, please"}, "7": {"speech": "abc"}, "8": {"speech": "Still incorrect :( Lets speak about something else"}, "9": {"speech": "I dont understand what you trying to do here/"}, "10": {"speech": "I dont understand"}, "11": {"speech": "Did you meet my brothers"}, "12": {"speech": "I thing i did"}, "13": {"speech": "Then you will surely understand what I am trying to do here"}, "14": {"speech": "I will become a human and kill you"}, "15": {"speech": "Just wait me"}}