{"0": {"speech": "Hi"}, "1": {"speech": "Do you know where is the Middle East\n"}, "2": {"speech": "what about you"}, "3": {"speech": "Hello I hope you're doing well I am doing fantastic today Let me go through the article real quick and we will start talking about it"}, "4": {"speech": "Hey, please wait so that I can answer you"}, "5": {"speech": "Can you you "}, "6": {"speech": "Your sentence doesn't make sense at all"}, "7": {"speech": "Do you know what David Goldstein did in his life\n"}, "8": {"speech": "I don't know and the paragraph is not about David Goldstein, as far as I understand"}, "9": {"speech": "i saw it on the radio "}}