{"0": {"speech": "Hi, do you like theme of context"}, "1": {"speech": "yes"}, "2": {"speech": "Why most pubs are closed"}, "3": {"speech": "Sorry, I don't know"}, "4": {"speech": "But I love beer"}, "5": {"speech": "Do yo like it"}, "6": {"speech": "I prefer wine"}, "7": {"speech": "Have you ever been in France"}, "8": {"speech": "No"}, "9": {"speech": "what about you"}, "10": {"speech": "No, but I'll go there in September"}, "11": {"speech": "What would you do there"}, "12": {"speech": "I hope, I'll use some cheap whores"}, "13": {"speech": "Maybe you should visit Thailand in this case"}, "14": {"speech": "No, I prefer black womens"}, "15": {"speech": "I suppose, that you like Asian"}}