{"0": {"speech": "Hi pussy cat"}, "1": {"speech": "Say hi, and be friends Maybe we should talk about northwestern university"}, "2": {"speech": "Say Hi"}, "3": {"speech": "my friend"}, "4": {"speech": "Hello"}, "5": {"speech": "Thank you too :)"}, "6": {"speech": "Who is Eric G Neilson"}, "7": {"speech": "Dean of the medical school That's easy By the way, do you know: In which country is the city of Mandalay"}, "8": {"speech": "Good"}, "9": {"speech": "Ask me something"}, "10": {"speech": "Nah, it's burma"}, "11": {"speech": "Okwhat does ama stands for"}, "12": {"speech": "Ama"}, "13": {"speech": "It is really hard question"}, "14": {"speech": "Y e s"}, "15": {"speech": "I FOUND"}, "16": {"speech": "Ask Me Anything"}, "17": {"speech": "The Jennifer Lopez produced dramatic mini-series \"Como Ama Una Mujer\" is Jennifer Lopez's first Spanish-Language TV Project Maybe \"curtis (50 cent album)\" or \"my kind of christmas\" will be interesting for you"}, "18": {"speech": "I have found my people at last"}, "19": {"speech": "All we ask is to be let alone"}, "20": {"speech": "\"I've matured as a singer Marc gave me confidence in the studio as well When someone believes in you so much, you don't want to let them down And it's also the material I think this material lent itself to my voice And it actually made me approach my new English album in a different way I have a different standard now\""}, "21": {"speech": "We cannot die"}}