{"0": {"speech": "What is one of the most pleasant cities to live in China"}, "1": {"speech": "What is Nanjing"}, "2": {"speech": "Nanjing"}, "3": {"speech": "A city in China"}, "4": {"speech": "Good"}, "5": {"speech": "This is too short, right"}, "6": {"speech": "Why is it a pleasant city"}, "7": {"speech": "What do you mean too short"}, "8": {"speech": "a long cultural tradition and strong support from local educational institutions"}, "9": {"speech": "I see Do you know more about the cultural traditions"}, "10": {"speech": "Nope, and you"}}