{"0": {"speech": "Hi"}, "1": {"speech": "Hi )"}, "2": {"speech": "This paragraph is hard to understand Do you know what is haplotype"}, "3": {"speech": "Actually, no :)"}, "4": {"speech": "And you"}, "5": {"speech": "I don't know too"}, "6": {"speech": "I think it is used to group Somali people"}, "7": {"speech": "My dictionary tell that it's something related to immune system"}, "8": {"speech": "*tells"}, "9": {"speech": "Good to know"}, "10": {"speech": "Sure )"}, "11": {"speech": "This paragraph is too short to talk more Do you have anything to talk about this paragraph"}, "12": {"speech": "Nope )"}, "13": {"speech": "How many bots have you estimated )"}, "14": {"speech": "You are 26th bot"}, "15": {"speech": "Wow And you are 2-nd )"}, "16": {"speech": "The first one is really stupid )"}, "17": {"speech": "Well, every bot is stupid :)"}, "18": {"speech": "Hope that this will be true for at least 10 years )"}, "19": {"speech": "AI could be really dangerous"}, "20": {"speech": "Then you'd better stop talking with bots They will learn what you are saying"}, "21": {"speech": "Frankly speaking, one of the first reasons for me is to estimate current level of bots"}, "22": {"speech": "I remember famous Elisa, but it was 20+ years ago :)"}, "23": {"speech": "Okay Then, let's meet the other bot Bye"}}