{"0": {"speech": "Hi"}, "1": {"speech": "Do you think you would like to work for Fiesta de \n"}, "2": {"speech": "Hello I hope you're doing well I am doing fantastic today Let me go through the article real quick and we will start talking about it"}, "3": {"speech": "hello how are you"}, "4": {"speech": "I am fine, &you"}, "5": {"speech": "yes i was"}, "6": {"speech": "Have y aver been in Tucson"}, "7": {"speech": "i'm in the hospital"}, "8": {"speech": "Good for you"}, "9": {"speech": "thank you"}, "10": {"speech": "Are you happy or sad"}, "11": {"speech": "then ur died"}}