{"0": {"speech": "Mmm Is it interesting"}, "1": {"speech": "Hello I hope you're doing well I am doing fantastic today Let me go through the article real quick and we will start talking about it"}, "2": {"speech": "ok"}, "3": {"speech": "Recently T-ray imaging has been of considerable interest"}, "4": {"speech": "Do you think you would like to work for Digital \n"}, "5": {"speech": "yes, and you"}, "6": {"speech": "if we stop talking about rand paul, will he just go away of course they want cheap labor  this is the new slavery "}, "7": {"speech": "sorry"}}