{"0": {"speech": "hi"}, "1": {"speech": "Hello"}, "2": {"speech": "Hi there"}, "3": {"speech": "Incandescent light bulbs are less efficient but they give off such a beautiful glow"}, "4": {"speech": "Any idea what Incandescent is"}, "5": {"speech": "Like, the traditional light bulb that gives off a yellowish light and also produces heat"}, "6": {"speech": "what is traditional"}, "7": {"speech": "A roundish bulb with a filament inside What a cartoon character sees when they get an idea, hehe"}, "8": {"speech": "I don't understand what's character"}, "9": {"speech": "Have you ever seen a cartoon"}}