{"0": {"speech": "Hi"}, "1": {"speech": "Hello"}, "2": {"speech": "What's your name"}, "3": {"speech": "I'm Bob And you"}, "4": {"speech": "I'm Andrey"}, "5": {"speech": "Glad to meet you"}, "6": {"speech": "Me too"}, "7": {"speech": "Do you drive a car"}, "8": {"speech": "A little bit"}, "9": {"speech": "The text seems to be some road-mapping stuff"}, "10": {"speech": "Yes, it does"}, "11": {"speech": "How would you drive from Oklahoma City to Will Rogers Airport"}, "12": {"speech": "I would use GPS navigator )"}}