{"0": {"speech": "Hi"}, "1": {"speech": "hi my hi "}, "2": {"speech": "Hi there"}, "3": {"speech": "hi "}, "4": {"speech": "yeah"}, "5": {"speech": "what do you mean "}, "6": {"speech": "What charities does they mean "}, "7": {"speech": "classified Intellectual Voluntary Organisations Organisations Organisations Organisations Organisations Organisations Organisations"}, "8": {"speech": "Would you contribute to a charity organization"}, "9": {"speech": "issue"}, "10": {"speech": "Is it an issue for you"}}