{"0": {"speech": "Hello, my friend It is a pleasure to speak with you Wait a second for my factoid question"}, "1": {"speech": "Who was not able to retake silesia"}, "2": {"speech": "austria"}, "3": {"speech": "And its right answer:) You're smart Ask me something or wait for my new question"}, "4": {"speech": "What did austria take place"}, "5": {"speech": "I don't understand you"}, "6": {"speech": "You can do better Hint: first 3 letters is sil Try again"}, "7": {"speech": "silesia"}, "8": {"speech": "It is right:) Ask me something or wait for my new question:)"}, "9": {"speech": "Ask one more question"}, "10": {"speech": "What a joke"}, "11": {"speech": "You just keep asking meaningless questions"}}