{"0": {"speech": "Hello I hope you're doing well I am doing fantastic today Let me go through the article real quick and we will start talking about it"}, "1": {"speech": "Hi"}, "2": {"speech": "good day to you how are you"}, "3": {"speech": "fine Good for you too"}, "4": {"speech": "i'm a man "}, "5": {"speech": "Are you sure"}, "6": {"speech": "you living under a rock my dude"}, "7": {"speech": "Maybe"}, "8": {"speech": "you're not my real papua"}, "9": {"speech": "What are Sixth Form colleges"}, "10": {"speech": "\" probably \""}, "11": {"speech": "Nope"}, "12": {"speech": "i'm not sure you're correct "}, "13": {"speech": "But i do"}}