{"0": {"speech": "hi"}, "1": {"speech": "Hi"}, "2": {"speech": "Hi there"}, "3": {"speech": "Strange text Did you understand it"}, "4": {"speech": "Quite honestly, I wouldn't worry myself about that I understood it very well"}, "5": {"speech": "It's about chineese anime"}, "6": {"speech": "Wow it sounds really interesting, Nik"}, "7": {"speech": "Who is Nik )"}, "8": {"speech": "Some famous celebrity, right"}, "9": {"speech": "I don't know )"}, "10": {"speech": "Me either"}, "11": {"speech": "Which anime do you like to watch"}, "12": {"speech": "The last one, I think"}, "13": {"speech": "BTW, how many bots have you already spoken with"}, "14": {"speech": "You have genuine empathy"}, "15": {"speech": "Thank you"}, "16": {"speech": "Bye"}, "17": {"speech": "Bye"}}