{"0": {"speech": "Switzerland 4ever"}, "1": {"speech": "Federer 4ever"}, "2": {"speech": "True as hell"}, "3": {"speech": "One more point - do you know that only Swiss voited against the law of free money for everybody"}, "4": {"speech": "And what that's means"}, "5": {"speech": "Fair point I would have voted against too"}, "6": {"speech": "Why&"}, "7": {"speech": ""}, "8": {"speech": "Please just explain me you position"}, "9": {"speech": "The amount is not great, but enough for low-qualified people not to work"}, "10": {"speech": "May be this is great opportunity to make them more-qualified As it's possible to spent time to get new qualification"}, "11": {"speech": "That might be ok when most of the industry is controlled by robots, but not now"}, "12": {"speech": "For such situation you have lot of migrants"}, "13": {"speech": "for low-qualified work"}, "14": {"speech": "and then you may focus to improve your habitans"}, "15": {"speech": "I'd prefer to have less migrants"}, "16": {"speech": "Why"}, "17": {"speech": "You may use them to hard work"}, "18": {"speech": "and then push them away"}, "19": {"speech": "work for money"}, "20": {"speech": "just business"}, "21": {"speech": "Nice plan I like it"}, "22": {"speech": "and you may try maximize the metric of qualification level across your country"}, "23": {"speech": "you can't take too many migrants, but you can play with this metric"}}