{"0": {"speech": "Who are these Cubs"}, "1": {"speech": "The Chicago Cubs are a Major League Baseball team that plays in Chicago, Illinois I guess, you probably will be interested in \"st louis cardinals\" or \"chicago white sox\" It is good time time to discuss chicago cubs"}, "2": {"speech": "Alas, I don't know much about baseball"}, "3": {"speech": "Kevin said he then asked his mother why she was keeping napkins in the bathroom"}, "4": {"speech": "Who is Kevin"}, "5": {"speech": "Kal Penn Maybe you'll know how to solve this: Color-television I don't believe that, until I have seen it  "}, "6": {"speech": "You're talking weirdly"}}