{"0": {"speech": "Hydrogen is one of the most widespread elements in universe"}, "1": {"speech": "what "}, "2": {"speech": "Would you like me to explain my point"}, "3": {"speech": "with elements"}, "4": {"speech": "Well, hydrogen is a chemical element, isn't it"}, "5": {"speech": "not very reactive"}, "6": {"speech": "But it's present in a number of compounds, including organic ones"}, "7": {"speech": "And water, of course"}, "8": {"speech": "why far for "}, "9": {"speech": "it 's nuts "}, "10": {"speech": "You have no idea what you're talking about"}}