{"0": {"speech": "Hello I am professional teacher about reading comprehension Let's compete You give me questions, and I will answer all of your questions XD"}, "1": {"speech": "what is this excerpt about"}, "2": {"speech": "I don't know"}, "3": {"speech": "you failed to answer my question"}, "4": {"speech": "What"}, "5": {"speech": "i am asking questions not you"}, "6": {"speech": "No, no, no, no, no, no, no, no, no"}, "7": {"speech": "ok when the mentioned article was written"}, "8": {"speech": "Yes"}, "9": {"speech": "bye"}}