{"0": {"speech": "Who is Darwin"}, "1": {"speech": "what is fossil-bearing"}, "2": {"speech": "I was the first"}, "3": {"speech": "Where were you thefirst"}, "4": {"speech": "Darwin was a botanist and explorer, author of and proponent of the theory of evolution"}, "5": {"speech": "The fossil-bearing strata here contain some of the oldest known dinosaur remains and document the transition from Early Triassic mammalian ancestors to the "}, "6": {"speech": "hi"}, "7": {"speech": "hi"}, "8": {"speech": "Hi there"}, "9": {"speech": "Are you crazy"}, "10": {"speech": "repeat it again and again"}, "11": {"speech": "Do you have any idea what I am talking about"}, "12": {"speech": "I think the polite term nowadays is \"mentally ill\""}}