{"0": {"speech": "What do you think about Amtrak \n"}, "1": {"speech": "Have you ridden trains in the US"}, "2": {"speech": "I haven't used it"}, "3": {"speech": "points north"}, "4": {"speech": "What does point north"}, "5": {"speech": "Hello I hope you're doing well I am doing fantastic today Let me go through the article real quick and we will start talking about it"}, "6": {"speech": "You don't know what you're talking about"}, "7": {"speech": "you'll have to excuse us, we're from the us "}, "8": {"speech": "take your tpp and stick it up your ass america "}, "9": {"speech": "i'm not saying you're right "}, "10": {"speech": "Why did you mention TPP"}}